VideoNumber,SubjID,TargID,ListID,ListNumb,GroundType,ChangeType,TargetResponse,ParticipantResponse,IsResponseCorrect
1,S1R,Targ13,L1_CG,L1,CG,Source,no,no,1
2,S1R,Targ2,L1_CG,L1,CG,Goal,no,yes,0
3,S1R,Targ17,L1_CG,L1,CG,Goal,no,no,1
4,S1R,Targ7,L1_CG,L1,CG,Source,no,no,1
5,S1R,Targ5,L1_CG,L1,CG,Goal,no,yes,0
6,S1R,Targ15,L1_CG,L1,CG,Match,yes,yes,1
7,S1R,Targ6,L1_CG,L1,CG,Match,yes,no,0
8,S1R,Targ4,L1_CG,L1,CG,Source,no,no,1
9,S1R,Targ12,L1_CG,L1,CG,Match,yes,yes,1
10,S1R,Targ8,L1_CG,L1,CG,Goal,no,no,1
11,S1R,Targ18,L1_CG,L1,CG,Match,yes,yes,1
12,S1R,Targ11,L1_CG,L1,CG,Goal,no,no,1
13,S1R,Targ14,L1_CG,L1,CG,Goal,no,no,1
14,S1R,Targ16,L1_CG,L1,CG,Source,no,yes,0
15,S1R,Targ1,L1_CG,L1,CG,Source,no,yes,0
16,S1R,Targ9,L1_CG,L1,CG,Match,yes,no,0
17,S1R,Targ3,L1_CG,L1,CG,Match,yes,yes,1
18,S1R,Targ10,L1_CG,L1,CG,Source,no,no,1
1,S3R,Targ13,L3_CG,L3,CG,Match,yes,yes,1
2,S3R,Targ2,L3_CG,L3,CG,Source,no,yes,0
3,S3R,Targ17,L3_CG,L3,CG,Source,no,yes,0
4,S3R,Targ7,L3_CG,L3,CG,Match,yes,yes,1
5,S3R,Targ5,L3_CG,L3,CG,Source,no,yes,0
6,S3R,Targ15,L3_CG,L3,CG,Goal,no,no,1
7,S3R,Targ6,L3_CG,L3,CG,Goal,no,yes,0
8,S3R,Targ4,L3_CG,L3,CG,Match,yes,yes,1
9,S3R,Targ12,L3_CG,L3,CG,Goal,no,no,1
10,S3R,Targ8,L3_CG,L3,CG,Source,no,no,1
11,S3R,Targ18,L3_CG,L3,CG,Goal,no,yes,0
12,S3R,Targ11,L3_CG,L3,CG,Source,no,no,1
13,S3R,Targ14,L3_CG,L3,CG,Source,no,no,1
14,S3R,Targ16,L3_CG,L3,CG,Match,yes,yes,1
15,S3R,Targ1,L3_CG,L3,CG,Match,yes,yes,1
16,S3R,Targ9,L3_CG,L3,CG,Goal,no,yes,0
17,S3R,Targ3,L3_CG,L3,CG,Goal,no,no,1
18,S3R,Targ10,L3_CG,L3,CG,Match,yes,yes,1
1,S5R,Targ13,L2_CG,L2,CG,Goal,no,yes,0
2,S5R,Targ2,L2_CG,L2,CG,Match,yes,yes,1
3,S5R,Targ17,L2_CG,L2,CG,Match,yes,yes,1
4,S5R,Targ7,L2_CG,L2,CG,Goal,no,yes,0
5,S5R,Targ5,L2_CG,L2,CG,Match,yes,yes,1
6,S5R,Targ15,L2_CG,L2,CG,Source,no,no,1
7,S5R,Targ6,L2_CG,L2,CG,Source,no,yes,0
8,S5R,Targ4,L2_CG,L2,CG,Goal,no,yes,0
9,S5R,Targ12,L2_CG,L2,CG,Source,no,no,1
10,S5R,Targ8,L2_CG,L2,CG,Match,yes,yes,1
11,S5R,Targ18,L2_CG,L2,CG,Source,no,yes,0
12,S5R,Targ11,L2_CG,L2,CG,Match,yes,no,0
13,S5R,Targ14,L2_CG,L2,CG,Match,yes,yes,1
14,S5R,Targ16,L2_CG,L2,CG,Goal,no,yes,0
15,S5R,Targ1,L2_CG,L2,CG,Goal,no,yes,0
16,S5R,Targ9,L2_CG,L2,CG,Source,no,yes,0
17,S5R,Targ3,L2_CG,L2,CG,Source,no,no,1
18,S5R,Targ10,L2_CG,L2,CG,Goal,no,no,1
1,S6R,Targ13,L3_CG,L3,CG,Match,yes,yes,1
2,S6R,Targ2,L3_CG,L3,CG,Source,no,yes,0
3,S6R,Targ17,L3_CG,L3,CG,Source,no,yes,0
4,S6R,Targ7,L3_CG,L3,CG,Match,yes,yes,1
5,S6R,Targ5,L3_CG,L3,CG,Source,no,no,1
6,S6R,Targ15,L3_CG,L3,CG,Goal,no,no,1
7,S6R,Targ6,L3_CG,L3,CG,Goal,no,no,1
8,S6R,Targ4,L3_CG,L3,CG,Match,yes,yes,1
9,S6R,Targ12,L3_CG,L3,CG,Goal,no,no,1
10,S6R,Targ8,L3_CG,L3,CG,Source,no,no,1
11,S6R,Targ18,L3_CG,L3,CG,Goal,no,no,1
12,S6R,Targ11,L3_CG,L3,CG,Source,no,no,1
13,S6R,Targ14,L3_CG,L3,CG,Source,no,no,1
14,S6R,Targ16,L3_CG,L3,CG,Match,yes,no,0
15,S6R,Targ1,L3_CG,L3,CG,Match,yes,yes,1
16,S6R,Targ9,L3_CG,L3,CG,Goal,no,no,1
17,S6R,Targ3,L3_CG,L3,CG,Goal,no,no,1
18,S6R,Targ10,L3_CG,L3,CG,Match,yes,yes,1
1,S7R,Targ13,L1_CG,L1,CG,Source,no,no,1
2,S7R,Targ2,L1_CG,L1,CG,Goal,no,no,1
3,S7R,Targ17,L1_CG,L1,CG,Goal,no,no,1
4,S7R,Targ7,L1_CG,L1,CG,Source,no,yes,0
5,S7R,Targ5,L1_CG,L1,CG,Goal,no,no,1
6,S7R,Targ15,L1_CG,L1,CG,Match,yes,yes,1
7,S7R,Targ6,L1_CG,L1,CG,Match,yes,yes,1
8,S7R,Targ4,L1_CG,L1,CG,Source,no,no,1
9,S7R,Targ12,L1_CG,L1,CG,Match,yes,yes,1
10,S7R,Targ8,L1_CG,L1,CG,Goal,no,no,1
11,S7R,Targ18,L1_CG,L1,CG,Match,yes,yes,1
12,S7R,Targ11,L1_CG,L1,CG,Goal,no,no,1
13,S7R,Targ14,L1_CG,L1,CG,Goal,no,no,1
14,S7R,Targ16,L1_CG,L1,CG,Source,no,no,1
15,S7R,Targ1,L1_CG,L1,CG,Source,no,no,1
16,S7R,Targ9,L1_CG,L1,CG,Match,yes,yes,1
17,S7R,Targ3,L1_CG,L1,CG,Match,yes,yes,1
18,S7R,Targ10,L1_CG,L1,CG,Source,no,no,1
1,S8R,Targ13,L2_NCG,L2,NCG,Goal,no,no,1
2,S8R,Targ2,L2_NCG,L2,NCG,Match,yes,yes,1
3,S8R,Targ17,L2_NCG,L2,NCG,Match,yes,yes,1
4,S8R,Targ7,L2_NCG,L2,NCG,Goal,no,no,1
5,S8R,Targ5,L2_NCG,L2,NCG,Match,yes,no,0
6,S8R,Targ15,L2_NCG,L2,NCG,Source,no,no,1
7,S8R,Targ6,L2_NCG,L2,NCG,Source,no,yes,0
8,S8R,Targ4,L2_NCG,L2,NCG,Goal,no,no,1
9,S8R,Targ12,L2_NCG,L2,NCG,Source,no,no,1
10,S8R,Targ8,L2_NCG,L2,NCG,Match,yes,yes,1
11,S8R,Targ18,L2_NCG,L2,NCG,Source,no,yes,0
12,S8R,Targ11,L2_NCG,L2,NCG,Match,yes,yes,1
13,S8R,Targ14,L2_NCG,L2,NCG,Match,yes,yes,1
14,S8R,Targ16,L2_NCG,L2,NCG,Goal,no,no,1
15,S8R,Targ1,L2_NCG,L2,NCG,Goal,no,yes,0
16,S8R,Targ9,L2_NCG,L2,NCG,Source,no,yes,0
17,S8R,Targ3,L2_NCG,L2,NCG,Source,no,no,1
18,S8R,Targ10,L2_NCG,L2,NCG,Goal,no,no,1
1,S9R,Targ13,L3_NCG,L3,NCG,Match,yes,yes,1
2,S9R,Targ2,L3_NCG,L3,NCG,Source,no,no,1
3,S9R,Targ17,L3_NCG,L3,NCG,Source,no,no,1
4,S9R,Targ7,L3_NCG,L3,NCG,Match,yes,yes,1
5,S9R,Targ5,L3_NCG,L3,NCG,Source,no,yes,0
6,S9R,Targ15,L3_NCG,L3,NCG,Goal,no,no,1
7,S9R,Targ6,L3_NCG,L3,NCG,Goal,no,no,1
8,S9R,Targ4,L3_NCG,L3,NCG,Match,yes,yes,1
9,S9R,Targ12,L3_NCG,L3,NCG,Goal,no,no,1
10,S9R,Targ8,L3_NCG,L3,NCG,Source,no,no,1
11,S9R,Targ18,L3_NCG,L3,NCG,Goal,no,no,1
12,S9R,Targ11,L3_NCG,L3,NCG,Source,no,no,1
13,S9R,Targ14,L3_NCG,L3,NCG,Source,no,no,1
14,S9R,Targ16,L3_NCG,L3,NCG,Match,yes,yes,1
15,S9R,Targ1,L3_NCG,L3,NCG,Match,yes,no,0
16,S9R,Targ9,L3_NCG,L3,NCG,Goal,no,no,1
17,S9R,Targ3,L3_NCG,L3,NCG,Goal,no,no,1
18,S9R,Targ10,L3_NCG,L3,NCG,Match,yes,yes,1
1,S10R,Targ13,L1_NCG,L1,NCG,Source,no,no,1
2,S10R,Targ2,L1_NCG,L1,NCG,Goal,no,yes,0
3,S10R,Targ17,L1_NCG,L1,NCG,Goal,no,yes,0
4,S10R,Targ7,L1_NCG,L1,NCG,Source,no,yes,0
5,S10R,Targ5,L1_NCG,L1,NCG,Goal,no,yes,0
6,S10R,Targ15,L1_NCG,L1,NCG,Match,yes,yes,1
7,S10R,Targ6,L1_NCG,L1,NCG,Match,yes,yes,1
8,S10R,Targ4,L1_NCG,L1,NCG,Source,no,no,1
9,S10R,Targ12,L1_NCG,L1,NCG,Match,yes,yes,1
10,S10R,Targ8,L1_NCG,L1,NCG,Goal,no,no,1
11,S10R,Targ18,L1_NCG,L1,NCG,Match,yes,yes,1
12,S10R,Targ11,L1_NCG,L1,NCG,Goal,no,no,1
13,S10R,Targ14,L1_NCG,L1,NCG,Goal,no,no,1
14,S10R,Targ16,L1_NCG,L1,NCG,Source,no,no,1
15,S10R,Targ1,L1_NCG,L1,NCG,Source,no,no,1
16,S10R,Targ9,L1_NCG,L1,NCG,Match,yes,yes,1
17,S10R,Targ3,L1_NCG,L1,NCG,Match,yes,yes,1
18,S10R,Targ10,L1_NCG,L1,NCG,Source,no,no,1
1,S11R,Targ13,L2_CG,L2,CG,Goal,no,no,1
2,S11R,Targ2,L2_CG,L2,CG,Match,yes,yes,1
3,S11R,Targ17,L2_CG,L2,CG,Match,yes,yes,1
4,S11R,Targ7,L2_CG,L2,CG,Goal,no,no,1
5,S11R,Targ5,L2_CG,L2,CG,Match,yes,no,0
6,S11R,Targ15,L2_CG,L2,CG,Source,no,no,1
7,S11R,Targ6,L2_CG,L2,CG,Source,no,yes,0
8,S11R,Targ4,L2_CG,L2,CG,Goal,no,no,1
9,S11R,Targ12,L2_CG,L2,CG,Source,no,no,1
10,S11R,Targ8,L2_CG,L2,CG,Match,yes,yes,1
11,S11R,Targ18,L2_CG,L2,CG,Source,no,no,1
12,S11R,Targ11,L2_CG,L2,CG,Match,yes,no,0
13,S11R,Targ14,L2_CG,L2,CG,Match,yes,no,0
14,S11R,Targ16,L2_CG,L2,CG,Goal,no,no,1
15,S11R,Targ1,L2_CG,L2,CG,Goal,no,no,1
16,S11R,Targ9,L2_CG,L2,CG,Source,no,yes,0
17,S11R,Targ3,L2_CG,L2,CG,Source,no,no,1
18,S11R,Targ10,L2_CG,L2,CG,Goal,no,no,1
1,S12R,Targ13,L2_CG,L2,CG,Goal,no,yes,0
2,S12R,Targ2,L2_CG,L2,CG,Match,yes,yes,1
3,S12R,Targ17,L2_CG,L2,CG,Match,yes,yes,1
4,S12R,Targ7,L2_CG,L2,CG,Goal,no,no,1
5,S12R,Targ5,L2_CG,L2,CG,Match,yes,yes,1
6,S12R,Targ15,L2_CG,L2,CG,Source,no,no,1
7,S12R,Targ6,L2_CG,L2,CG,Source,no,yes,0
8,S12R,Targ4,L2_CG,L2,CG,Goal,no,yes,0
9,S12R,Targ12,L2_CG,L2,CG,Source,no,no,1
10,S12R,Targ8,L2_CG,L2,CG,Match,yes,yes,1
11,S12R,Targ18,L2_CG,L2,CG,Source,no,yes,0
12,S12R,Targ11,L2_CG,L2,CG,Match,yes,yes,1
13,S12R,Targ14,L2_CG,L2,CG,Match,yes,no,0
14,S12R,Targ16,L2_CG,L2,CG,Goal,no,yes,0
15,S12R,Targ1,L2_CG,L2,CG,Goal,no,yes,0
16,S12R,Targ9,L2_CG,L2,CG,Source,no,yes,0
17,S12R,Targ3,L2_CG,L2,CG,Source,no,no,1
18,S12R,Targ10,L2_CG,L2,CG,Goal,no,yes,0
1,S13R,Targ13,L3_CG,L3,CG,Match,yes,yes,1
2,S13R,Targ2,L3_CG,L3,CG,Source,no,yes,0
3,S13R,Targ17,L3_CG,L3,CG,Source,no,no,1
4,S13R,Targ7,L3_CG,L3,CG,Match,yes,yes,1
5,S13R,Targ5,L3_CG,L3,CG,Source,no,no,1
6,S13R,Targ15,L3_CG,L3,CG,Goal,no,no,1
7,S13R,Targ6,L3_CG,L3,CG,Goal,no,yes,0
8,S13R,Targ4,L3_CG,L3,CG,Match,yes,no,0
9,S13R,Targ12,L3_CG,L3,CG,Goal,no,no,1
10,S13R,Targ8,L3_CG,L3,CG,Source,no,yes,0
11,S13R,Targ18,L3_CG,L3,CG,Goal,no,yes,0
12,S13R,Targ11,L3_CG,L3,CG,Source,no,no,1
13,S13R,Targ14,L3_CG,L3,CG,Source,no,no,1
14,S13R,Targ16,L3_CG,L3,CG,Match,yes,yes,1
15,S13R,Targ1,L3_CG,L3,CG,Match,yes,yes,1
16,S13R,Targ9,L3_CG,L3,CG,Goal,no,yes,0
17,S13R,Targ3,L3_CG,L3,CG,Goal,no,no,1
18,S13R,Targ10,L3_CG,L3,CG,Match,yes,yes,1
1,S14R,Targ13,L1_NCG,L1,NCG,Source,no,no,1
2,S14R,Targ2,L1_NCG,L1,NCG,Goal,no,no,1
3,S14R,Targ17,L1_NCG,L1,NCG,Goal,no,yes,0
4,S14R,Targ7,L1_NCG,L1,NCG,Source,no,yes,0
5,S14R,Targ5,L1_NCG,L1,NCG,Goal,no,yes,0
6,S14R,Targ15,L1_NCG,L1,NCG,Match,yes,yes,1
7,S14R,Targ6,L1_NCG,L1,NCG,Match,yes,yes,1
8,S14R,Targ4,L1_NCG,L1,NCG,Source,no,yes,0
9,S14R,Targ12,L1_NCG,L1,NCG,Match,yes,yes,1
10,S14R,Targ8,L1_NCG,L1,NCG,Goal,no,no,1
11,S14R,Targ18,L1_NCG,L1,NCG,Match,yes,yes,1
12,S14R,Targ11,L1_NCG,L1,NCG,Goal,no,no,1
13,S14R,Targ14,L1_NCG,L1,NCG,Goal,no,no,1
14,S14R,Targ16,L1_NCG,L1,NCG,Source,no,no,1
15,S14R,Targ1,L1_NCG,L1,NCG,Source,no,no,1
16,S14R,Targ9,L1_NCG,L1,NCG,Match,yes,yes,1
17,S14R,Targ3,L1_NCG,L1,NCG,Match,yes,yes,1
18,S14R,Targ10,L1_NCG,L1,NCG,Source,no,no,1
1,S15R,Targ13,L2_NCG,L2,NCG,Goal,no,no,1
2,S15R,Targ2,L2_NCG,L2,NCG,Match,yes,yes,1
3,S15R,Targ17,L2_NCG,L2,NCG,Match,yes,yes,1
4,S15R,Targ7,L2_NCG,L2,NCG,Goal,no,no,1
5,S15R,Targ5,L2_NCG,L2,NCG,Match,yes,no,0
6,S15R,Targ15,L2_NCG,L2,NCG,Source,no,no,1
7,S15R,Targ6,L2_NCG,L2,NCG,Source,no,no,1
8,S15R,Targ4,L2_NCG,L2,NCG,Goal,no,no,1
9,S15R,Targ12,L2_NCG,L2,NCG,Source,no,no,1
10,S15R,Targ8,L2_NCG,L2,NCG,Match,yes,yes,1
11,S15R,Targ18,L2_NCG,L2,NCG,Source,no,yes,0
12,S15R,Targ11,L2_NCG,L2,NCG,Match,yes,yes,1
13,S15R,Targ14,L2_NCG,L2,NCG,Match,yes,yes,1
14,S15R,Targ16,L2_NCG,L2,NCG,Goal,no,no,1
15,S15R,Targ1,L2_NCG,L2,NCG,Goal,no,no,1
16,S15R,Targ9,L2_NCG,L2,NCG,Source,no,yes,0
17,S15R,Targ3,L2_NCG,L2,NCG,Source,no,no,1
18,S15R,Targ10,L2_NCG,L2,NCG,Goal,no,no,1
1,S16R,Targ13,L3_NCG,L3,NCG,Match,yes,yes,1
2,S16R,Targ2,L3_NCG,L3,NCG,Source,no,no,1
3,S16R,Targ17,L3_NCG,L3,NCG,Source,no,yes,0
4,S16R,Targ7,L3_NCG,L3,NCG,Match,yes,yes,1
5,S16R,Targ5,L3_NCG,L3,NCG,Source,no,no,1
6,S16R,Targ15,L3_NCG,L3,NCG,Goal,no,no,1
7,S16R,Targ6,L3_NCG,L3,NCG,Goal,no,no,1
8,S16R,Targ4,L3_NCG,L3,NCG,Match,yes,yes,1
9,S16R,Targ12,L3_NCG,L3,NCG,Goal,no,no,1
10,S16R,Targ8,L3_NCG,L3,NCG,Source,no,no,1
11,S16R,Targ18,L3_NCG,L3,NCG,Goal,no,no,1
12,S16R,Targ11,L3_NCG,L3,NCG,Source,no,no,1
13,S16R,Targ14,L3_NCG,L3,NCG,Source,no,no,1
14,S16R,Targ16,L3_NCG,L3,NCG,Match,yes,yes,1
15,S16R,Targ1,L3_NCG,L3,NCG,Match,yes,yes,1
16,S16R,Targ9,L3_NCG,L3,NCG,Goal,no,yes,0
17,S16R,Targ3,L3_NCG,L3,NCG,Goal,no,no,1
18,S16R,Targ10,L3_NCG,L3,NCG,Match,yes,yes,1
1,S17R,Targ13,L1_CG,L1,CG,Source,no,no,1
2,S17R,Targ2,L1_CG,L1,CG,Goal,no,no,1
3,S17R,Targ17,L1_CG,L1,CG,Goal,no,no,1
4,S17R,Targ7,L1_CG,L1,CG,Source,no,no,1
5,S17R,Targ5,L1_CG,L1,CG,Goal,no,no,1
6,S17R,Targ15,L1_CG,L1,CG,Match,yes,yes,1
7,S17R,Targ6,L1_CG,L1,CG,Match,yes,no,0
8,S17R,Targ4,L1_CG,L1,CG,Source,no,no,1
9,S17R,Targ12,L1_CG,L1,CG,Match,yes,yes,1
10,S17R,Targ8,L1_CG,L1,CG,Goal,no,no,1
11,S17R,Targ18,L1_CG,L1,CG,Match,yes,yes,1
12,S17R,Targ11,L1_CG,L1,CG,Goal,no,no,1
13,S17R,Targ14,L1_CG,L1,CG,Goal,no,no,1
14,S17R,Targ16,L1_CG,L1,CG,Source,no,yes,0
15,S17R,Targ1,L1_CG,L1,CG,Source,no,no,1
16,S17R,Targ9,L1_CG,L1,CG,Match,yes,yes,1
17,S17R,Targ3,L1_CG,L1,CG,Match,yes,yes,1
18,S17R,Targ10,L1_CG,L1,CG,Source,no,no,1
1,S18R,Targ13,L3_CG,L3,CG,Match,yes,yes,1
2,S18R,Targ2,L3_CG,L3,CG,Source,no,yes,0
3,S18R,Targ17,L3_CG,L3,CG,Source,no,yes,0
4,S18R,Targ7,L3_CG,L3,CG,Match,yes,no,0
5,S18R,Targ5,L3_CG,L3,CG,Source,no,yes,0
6,S18R,Targ15,L3_CG,L3,CG,Goal,no,yes,0
7,S18R,Targ6,L3_CG,L3,CG,Goal,no,no,1
8,S18R,Targ4,L3_CG,L3,CG,Match,yes,yes,1
9,S18R,Targ12,L3_CG,L3,CG,Goal,no,no,1
10,S18R,Targ8,L3_CG,L3,CG,Source,no,no,1
11,S18R,Targ18,L3_CG,L3,CG,Goal,no,yes,0
12,S18R,Targ11,L3_CG,L3,CG,Source,no,no,1
13,S18R,Targ14,L3_CG,L3,CG,Source,no,yes,0
14,S18R,Targ16,L3_CG,L3,CG,Match,yes,no,0
15,S18R,Targ1,L3_CG,L3,CG,Match,yes,yes,1
16,S18R,Targ9,L3_CG,L3,CG,Goal,no,yes,0
17,S18R,Targ3,L3_CG,L3,CG,Goal,no,no,1
18,S18R,Targ10,L3_CG,L3,CG,Match,yes,yes,1
1,S19R,Targ13,L1_NCG,L1,NCG,Source,no,no,1
2,S19R,Targ2,L1_NCG,L1,NCG,Goal,no,no,1
3,S19R,Targ17,L1_NCG,L1,NCG,Goal,no,no,1
4,S19R,Targ7,L1_NCG,L1,NCG,Source,no,no,1
5,S19R,Targ5,L1_NCG,L1,NCG,Goal,no,no,1
6,S19R,Targ15,L1_NCG,L1,NCG,Match,yes,yes,1
7,S19R,Targ6,L1_NCG,L1,NCG,Match,yes,yes,1
8,S19R,Targ4,L1_NCG,L1,NCG,Source,no,no,1
9,S19R,Targ12,L1_NCG,L1,NCG,Match,yes,yes,1
10,S19R,Targ8,L1_NCG,L1,NCG,Goal,no,no,1
11,S19R,Targ18,L1_NCG,L1,NCG,Match,yes,yes,1
12,S19R,Targ11,L1_NCG,L1,NCG,Goal,no,no,1
13,S19R,Targ14,L1_NCG,L1,NCG,Goal,no,no,1
14,S19R,Targ16,L1_NCG,L1,NCG,Source,no,no,1
15,S19R,Targ1,L1_NCG,L1,NCG,Source,no,no,1
16,S19R,Targ9,L1_NCG,L1,NCG,Match,yes,yes,1
17,S19R,Targ3,L1_NCG,L1,NCG,Match,yes,yes,1
18,S19R,Targ10,L1_NCG,L1,NCG,Source,no,no,1
1,S20R,Targ13,L2_NCG,L2,NCG,Goal,no,no,1
2,S20R,Targ2,L2_NCG,L2,NCG,Match,yes,yes,1
3,S20R,Targ17,L2_NCG,L2,NCG,Match,yes,yes,1
4,S20R,Targ7,L2_NCG,L2,NCG,Goal,no,no,1
5,S20R,Targ5,L2_NCG,L2,NCG,Match,yes,yes,1
6,S20R,Targ15,L2_NCG,L2,NCG,Source,no,no,1
7,S20R,Targ6,L2_NCG,L2,NCG,Source,no,no,1
8,S20R,Targ4,L2_NCG,L2,NCG,Goal,no,no,1
9,S20R,Targ12,L2_NCG,L2,NCG,Source,no,no,1
10,S20R,Targ8,L2_NCG,L2,NCG,Match,yes,yes,1
11,S20R,Targ18,L2_NCG,L2,NCG,Source,no,yes,0
12,S20R,Targ11,L2_NCG,L2,NCG,Match,yes,yes,1
13,S20R,Targ14,L2_NCG,L2,NCG,Match,yes,yes,1
14,S20R,Targ16,L2_NCG,L2,NCG,Goal,no,yes,0
15,S20R,Targ1,L2_NCG,L2,NCG,Goal,no,no,1
16,S20R,Targ9,L2_NCG,L2,NCG,Source,no,yes,0
17,S20R,Targ3,L2_NCG,L2,NCG,Source,no,yes,0
18,S20R,Targ10,L2_NCG,L2,NCG,Goal,no,no,1
1,S21R,Targ13,L3_NCG,L3,NCG,Match,yes,yes,1
2,S21R,Targ2,L3_NCG,L3,NCG,Source,no,yes,0
3,S21R,Targ17,L3_NCG,L3,NCG,Source,no,yes,0
4,S21R,Targ7,L3_NCG,L3,NCG,Match,yes,yes,1
5,S21R,Targ5,L3_NCG,L3,NCG,Source,no,yes,0
6,S21R,Targ15,L3_NCG,L3,NCG,Goal,no,yes,0
7,S21R,Targ6,L3_NCG,L3,NCG,Goal,no,yes,0
8,S21R,Targ4,L3_NCG,L3,NCG,Match,yes,yes,1
9,S21R,Targ12,L3_NCG,L3,NCG,Goal,no,no,1
10,S21R,Targ8,L3_NCG,L3,NCG,Source,no,no,1
11,S21R,Targ18,L3_NCG,L3,NCG,Goal,no,yes,0
12,S21R,Targ11,L3_NCG,L3,NCG,Source,no,no,1
13,S21R,Targ14,L3_NCG,L3,NCG,Source,no,no,1
14,S21R,Targ16,L3_NCG,L3,NCG,Match,yes,yes,1
15,S21R,Targ1,L3_NCG,L3,NCG,Match,yes,yes,1
16,S21R,Targ9,L3_NCG,L3,NCG,Goal,no,yes,0
17,S21R,Targ3,L3_NCG,L3,NCG,Goal,no,no,1
18,S21R,Targ10,L3_NCG,L3,NCG,Match,yes,yes,1
1,S22R,Targ13,L1_CG,L1,CG,Source,no,yes,0
2,S22R,Targ2,L1_CG,L1,CG,Goal,no,yes,0
3,S22R,Targ17,L1_CG,L1,CG,Goal,no,yes,0
4,S22R,Targ7,L1_CG,L1,CG,Source,no,yes,0
5,S22R,Targ5,L1_CG,L1,CG,Goal,no,yes,0
6,S22R,Targ15,L1_CG,L1,CG,Match,yes,yes,1
7,S22R,Targ6,L1_CG,L1,CG,Match,yes,yes,1
8,S22R,Targ4,L1_CG,L1,CG,Source,no,yes,0
9,S22R,Targ12,L1_CG,L1,CG,Match,yes,yes,1
10,S22R,Targ8,L1_CG,L1,CG,Goal,no,no,1
11,S22R,Targ18,L1_CG,L1,CG,Match,yes,yes,1
12,S22R,Targ11,L1_CG,L1,CG,Goal,no,no,1
13,S22R,Targ14,L1_CG,L1,CG,Goal,no,no,1
14,S22R,Targ16,L1_CG,L1,CG,Source,no,no,1
15,S22R,Targ1,L1_CG,L1,CG,Source,no,no,1
16,S22R,Targ9,L1_CG,L1,CG,Match,yes,yes,1
17,S22R,Targ3,L1_CG,L1,CG,Match,yes,yes,1
18,S22R,Targ10,L1_CG,L1,CG,Source,no,no,1
1,S23R,Targ13,L2_CG,L2,CG,Goal,no,yes,0
2,S23R,Targ2,L2_CG,L2,CG,Match,yes,yes,1
3,S23R,Targ17,L2_CG,L2,CG,Match,yes,yes,1
4,S23R,Targ7,L2_CG,L2,CG,Goal,no,no,1
5,S23R,Targ5,L2_CG,L2,CG,Match,yes,no,0
6,S23R,Targ15,L2_CG,L2,CG,Source,no,no,1
7,S23R,Targ6,L2_CG,L2,CG,Source,no,yes,0
8,S23R,Targ4,L2_CG,L2,CG,Goal,no,no,1
9,S23R,Targ12,L2_CG,L2,CG,Source,no,no,1
10,S23R,Targ8,L2_CG,L2,CG,Match,yes,yes,1
11,S23R,Targ18,L2_CG,L2,CG,Source,no,yes,0
12,S23R,Targ11,L2_CG,L2,CG,Match,yes,yes,1
13,S23R,Targ14,L2_CG,L2,CG,Match,yes,yes,1
14,S23R,Targ16,L2_CG,L2,CG,Goal,no,no,1
15,S23R,Targ1,L2_CG,L2,CG,Goal,no,yes,0
16,S23R,Targ9,L2_CG,L2,CG,Source,no,no,1
17,S23R,Targ3,L2_CG,L2,CG,Source,no,yes,0
18,S23R,Targ10,L2_CG,L2,CG,Goal,no,no,1
1,S24R,Targ13,L2_CG,L2,CG,Goal,no,no,1
2,S24R,Targ2,L2_CG,L2,CG,Match,yes,yes,1
3,S24R,Targ17,L2_CG,L2,CG,Match,yes,yes,1
4,S24R,Targ7,L2_CG,L2,CG,Goal,no,no,1
5,S24R,Targ5,L2_CG,L2,CG,Match,yes,no,0
6,S24R,Targ15,L2_CG,L2,CG,Source,no,no,1
7,S24R,Targ6,L2_CG,L2,CG,Source,no,no,1
8,S24R,Targ4,L2_CG,L2,CG,Goal,no,no,1
9,S24R,Targ12,L2_CG,L2,CG,Source,no,no,1
10,S24R,Targ8,L2_CG,L2,CG,Match,yes,yes,1
11,S24R,Targ18,L2_CG,L2,CG,Source,no,yes,0
12,S24R,Targ11,L2_CG,L2,CG,Match,yes,yes,1
13,S24R,Targ14,L2_CG,L2,CG,Match,yes,yes,1
14,S24R,Targ16,L2_CG,L2,CG,Goal,no,no,1
15,S24R,Targ1,L2_CG,L2,CG,Goal,no,yes,0
16,S24R,Targ9,L2_CG,L2,CG,Source,no,yes,0
17,S24R,Targ3,L2_CG,L2,CG,Source,no,yes,0
18,S24R,Targ10,L2_CG,L2,CG,Goal,no,no,1
1,S25R,Targ13,L3_CG,L3,CG,Match,yes,yes,1
2,S25R,Targ2,L3_CG,L3,CG,Source,no,yes,0
3,S25R,Targ17,L3_CG,L3,CG,Source,no,yes,0
4,S25R,Targ7,L3_CG,L3,CG,Match,yes,yes,1
5,S25R,Targ5,L3_CG,L3,CG,Source,no,no,1
6,S25R,Targ15,L3_CG,L3,CG,Goal,no,no,1
7,S25R,Targ6,L3_CG,L3,CG,Goal,no,no,1
8,S25R,Targ4,L3_CG,L3,CG,Match,yes,yes,1
9,S25R,Targ12,L3_CG,L3,CG,Goal,no,yes,0
10,S25R,Targ8,L3_CG,L3,CG,Source,no,no,1
11,S25R,Targ18,L3_CG,L3,CG,Goal,no,no,1
12,S25R,Targ11,L3_CG,L3,CG,Source,no,yes,0
13,S25R,Targ14,L3_CG,L3,CG,Source,no,no,1
14,S25R,Targ16,L3_CG,L3,CG,Match,yes,yes,1
15,S25R,Targ1,L3_CG,L3,CG,Match,yes,yes,1
16,S25R,Targ9,L3_CG,L3,CG,Goal,no,yes,0
17,S25R,Targ3,L3_CG,L3,CG,Goal,no,no,1
18,S25R,Targ10,L3_CG,L3,CG,Match,yes,yes,1
1,S26R,Targ13,L1_NCG,L1,NCG,Source,no,no,1
2,S26R,Targ2,L1_NCG,L1,NCG,Goal,no,yes,0
3,S26R,Targ17,L1_NCG,L1,NCG,Goal,no,yes,0
4,S26R,Targ7,L1_NCG,L1,NCG,Source,no,no,1
5,S26R,Targ5,L1_NCG,L1,NCG,Goal,no,yes,0
6,S26R,Targ15,L1_NCG,L1,NCG,Match,yes,no,0
7,S26R,Targ6,L1_NCG,L1,NCG,Match,yes,no,0
8,S26R,Targ4,L1_NCG,L1,NCG,Source,no,no,1
9,S26R,Targ12,L1_NCG,L1,NCG,Match,yes,no,0
10,S26R,Targ8,L1_NCG,L1,NCG,Goal,no,yes,0
11,S26R,Targ18,L1_NCG,L1,NCG,Match,yes,no,0
12,S26R,Targ11,L1_NCG,L1,NCG,Goal,no,yes,0
13,S26R,Targ14,L1_NCG,L1,NCG,Goal,no,yes,0
14,S26R,Targ16,L1_NCG,L1,NCG,Source,no,no,1
15,S26R,Targ1,L1_NCG,L1,NCG,Source,no,yes,0
16,S26R,Targ9,L1_NCG,L1,NCG,Match,yes,yes,1
17,S26R,Targ3,L1_NCG,L1,NCG,Match,yes,no,0
18,S26R,Targ10,L1_NCG,L1,NCG,Source,no,no,1
1,S27R,Targ13,L2_NCG,L2,NCG,Goal,no,no,1
2,S27R,Targ2,L2_NCG,L2,NCG,Match,yes,yes,1
3,S27R,Targ17,L2_NCG,L2,NCG,Match,yes,yes,1
4,S27R,Targ7,L2_NCG,L2,NCG,Goal,no,no,1
5,S27R,Targ5,L2_NCG,L2,NCG,Match,yes,yes,1
6,S27R,Targ15,L2_NCG,L2,NCG,Source,no,no,1
7,S27R,Targ6,L2_NCG,L2,NCG,Source,no,no,1
8,S27R,Targ4,L2_NCG,L2,NCG,Goal,no,no,1
9,S27R,Targ12,L2_NCG,L2,NCG,Source,no,no,1
10,S27R,Targ8,L2_NCG,L2,NCG,Match,yes,yes,1
11,S27R,Targ18,L2_NCG,L2,NCG,Source,no,yes,0
12,S27R,Targ11,L2_NCG,L2,NCG,Match,yes,yes,1
13,S27R,Targ14,L2_NCG,L2,NCG,Match,yes,yes,1
14,S27R,Targ16,L2_NCG,L2,NCG,Goal,no,no,1
15,S27R,Targ1,L2_NCG,L2,NCG,Goal,no,no,1
16,S27R,Targ9,L2_NCG,L2,NCG,Source,no,yes,0
17,S27R,Targ3,L2_NCG,L2,NCG,Source,no,no,1
18,S27R,Targ10,L2_NCG,L2,NCG,Goal,no,no,1
1,S28R,Targ13,L3_NCG,L3,NCG,Match,yes,yes,1
2,S28R,Targ2,L3_NCG,L3,NCG,Source,no,yes,0
3,S28R,Targ17,L3_NCG,L3,NCG,Source,no,yes,0
4,S28R,Targ7,L3_NCG,L3,NCG,Match,yes,yes,1
5,S28R,Targ5,L3_NCG,L3,NCG,Source,no,no,1
6,S28R,Targ15,L3_NCG,L3,NCG,Goal,no,no,1
7,S28R,Targ6,L3_NCG,L3,NCG,Goal,no,no,1
8,S28R,Targ4,L3_NCG,L3,NCG,Match,yes,yes,1
9,S28R,Targ12,L3_NCG,L3,NCG,Goal,no,no,1
10,S28R,Targ8,L3_NCG,L3,NCG,Source,no,no,1
11,S28R,Targ18,L3_NCG,L3,NCG,Goal,no,yes,0
12,S28R,Targ11,L3_NCG,L3,NCG,Source,no,no,1
13,S28R,Targ14,L3_NCG,L3,NCG,Source,no,no,1
14,S28R,Targ16,L3_NCG,L3,NCG,Match,yes,yes,1
15,S28R,Targ1,L3_NCG,L3,NCG,Match,yes,yes,1
16,S28R,Targ9,L3_NCG,L3,NCG,Goal,no,yes,0
17,S28R,Targ3,L3_NCG,L3,NCG,Goal,no,no,1
18,S28R,Targ10,L3_NCG,L3,NCG,Match,yes,yes,1
1,S29R,Targ13,L1_CG,L1,CG,Source,no,no,1
2,S29R,Targ2,L1_CG,L1,CG,Goal,no,yes,0
3,S29R,Targ17,L1_CG,L1,CG,Goal,no,yes,0
4,S29R,Targ7,L1_CG,L1,CG,Source,no,yes,0
5,S29R,Targ5,L1_CG,L1,CG,Goal,no,yes,0
6,S29R,Targ15,L1_CG,L1,CG,Match,yes,yes,1
7,S29R,Targ6,L1_CG,L1,CG,Match,yes,yes,1
8,S29R,Targ4,L1_CG,L1,CG,Source,no,yes,0
9,S29R,Targ12,L1_CG,L1,CG,Match,yes,yes,1
10,S29R,Targ8,L1_CG,L1,CG,Goal,no,no,1
11,S29R,Targ18,L1_CG,L1,CG,Match,yes,yes,1
12,S29R,Targ11,L1_CG,L1,CG,Goal,no,no,1
13,S29R,Targ14,L1_CG,L1,CG,Goal,no,no,1
14,S29R,Targ16,L1_CG,L1,CG,Source,no,no,1
15,S29R,Targ1,L1_CG,L1,CG,Source,no,yes,0
16,S29R,Targ9,L1_CG,L1,CG,Match,yes,yes,1
17,S29R,Targ3,L1_CG,L1,CG,Match,yes,yes,1
18,S29R,Targ10,L1_CG,L1,CG,Source,no,no,1
1,S30R,Targ13,L2_CG,L2,CG,Goal,no,yes,0
2,S30R,Targ2,L2_CG,L2,CG,Match,yes,yes,1
3,S30R,Targ17,L2_CG,L2,CG,Match,yes,no,0
4,S30R,Targ7,L2_CG,L2,CG,Goal,no,no,1
5,S30R,Targ5,L2_CG,L2,CG,Match,yes,no,0
6,S30R,Targ15,L2_CG,L2,CG,Source,no,no,1
7,S30R,Targ6,L2_CG,L2,CG,Source,no,no,1
8,S30R,Targ4,L2_CG,L2,CG,Goal,no,no,1
9,S30R,Targ12,L2_CG,L2,CG,Source,no,no,1
10,S30R,Targ8,L2_CG,L2,CG,Match,yes,no,0
11,S30R,Targ18,L2_CG,L2,CG,Source,no,no,1
12,S30R,Targ11,L2_CG,L2,CG,Match,yes,yes,1
13,S30R,Targ14,L2_CG,L2,CG,Match,yes,yes,1
14,S30R,Targ16,L2_CG,L2,CG,Goal,no,no,1
15,S30R,Targ1,L2_CG,L2,CG,Goal,no,no,1
16,S30R,Targ9,L2_CG,L2,CG,Source,no,yes,0
17,S30R,Targ3,L2_CG,L2,CG,Source,no,no,1
18,S30R,Targ10,L2_CG,L2,CG,Goal,no,no,1
1,S31R,Targ13,L3_CG,L3,CG,Match,yes,yes,1
2,S31R,Targ2,L3_CG,L3,CG,Source,no,yes,0
3,S31R,Targ17,L3_CG,L3,CG,Source,no,yes,0
4,S31R,Targ7,L3_CG,L3,CG,Match,yes,yes,1
5,S31R,Targ5,L3_CG,L3,CG,Source,no,no,1
6,S31R,Targ15,L3_CG,L3,CG,Goal,no,no,1
7,S31R,Targ6,L3_CG,L3,CG,Goal,no,yes,0
8,S31R,Targ4,L3_CG,L3,CG,Match,yes,yes,1
9,S31R,Targ12,L3_CG,L3,CG,Goal,no,yes,0
10,S31R,Targ8,L3_CG,L3,CG,Source,no,yes,0
11,S31R,Targ18,L3_CG,L3,CG,Goal,no,yes,0
12,S31R,Targ11,L3_CG,L3,CG,Source,no,no,1
13,S31R,Targ14,L3_CG,L3,CG,Source,no,no,1
14,S31R,Targ16,L3_CG,L3,CG,Match,yes,no,0
15,S31R,Targ1,L3_CG,L3,CG,Match,yes,yes,1
16,S31R,Targ9,L3_CG,L3,CG,Goal,no,yes,0
17,S31R,Targ3,L3_CG,L3,CG,Goal,no,no,1
18,S31R,Targ10,L3_CG,L3,CG,Match,yes,yes,1
1,S32R,Targ13,L1_NCG,L1,NCG,Source,no,yes,0
2,S32R,Targ2,L1_NCG,L1,NCG,Goal,no,no,1
3,S32R,Targ17,L1_NCG,L1,NCG,Goal,no,no,1
4,S32R,Targ7,L1_NCG,L1,NCG,Source,no,no,1
5,S32R,Targ5,L1_NCG,L1,NCG,Goal,no,no,1
6,S32R,Targ15,L1_NCG,L1,NCG,Match,yes,yes,1
7,S32R,Targ6,L1_NCG,L1,NCG,Match,yes,yes,1
8,S32R,Targ4,L1_NCG,L1,NCG,Source,no,no,1
9,S32R,Targ12,L1_NCG,L1,NCG,Match,yes,no,0
10,S32R,Targ8,L1_NCG,L1,NCG,Goal,no,no,1
11,S32R,Targ18,L1_NCG,L1,NCG,Match,yes,yes,1
12,S32R,Targ11,L1_NCG,L1,NCG,Goal,no,no,1
13,S32R,Targ14,L1_NCG,L1,NCG,Goal,no,no,1
14,S32R,Targ16,L1_NCG,L1,NCG,Source,no,no,1
15,S32R,Targ1,L1_NCG,L1,NCG,Source,no,no,1
16,S32R,Targ9,L1_NCG,L1,NCG,Match,yes,yes,1
17,S32R,Targ3,L1_NCG,L1,NCG,Match,yes,yes,1
18,S32R,Targ10,L1_NCG,L1,NCG,Source,no,no,1
1,S33R,Targ13,L2_NCG,L2,NCG,Goal,no,no,1
2,S33R,Targ2,L2_NCG,L2,NCG,Match,yes,yes,1
3,S33R,Targ17,L2_NCG,L2,NCG,Match,yes,yes,1
4,S33R,Targ7,L2_NCG,L2,NCG,Goal,no,yes,0
5,S33R,Targ5,L2_NCG,L2,NCG,Match,yes,no,0
6,S33R,Targ15,L2_NCG,L2,NCG,Source,no,yes,0
7,S33R,Targ6,L2_NCG,L2,NCG,Source,no,yes,0
8,S33R,Targ4,L2_NCG,L2,NCG,Goal,no,yes,0
9,S33R,Targ12,L2_NCG,L2,NCG,Source,no,no,1
10,S33R,Targ8,L2_NCG,L2,NCG,Match,yes,yes,1
11,S33R,Targ18,L2_NCG,L2,NCG,Source,no,yes,0
12,S33R,Targ11,L2_NCG,L2,NCG,Match,yes,yes,1
13,S33R,Targ14,L2_NCG,L2,NCG,Match,yes,yes,1
14,S33R,Targ16,L2_NCG,L2,NCG,Goal,no,yes,0
15,S33R,Targ1,L2_NCG,L2,NCG,Goal,no,no,1
16,S33R,Targ9,L2_NCG,L2,NCG,Source,no,yes,0
17,S33R,Targ3,L2_NCG,L2,NCG,Source,no,no,1
18,S33R,Targ10,L2_NCG,L2,NCG,Goal,no,no,1
1,S34R,Targ13,L3_NCG,L3,NCG,Match,yes,yes,1
2,S34R,Targ2,L3_NCG,L3,NCG,Source,no,no,1
3,S34R,Targ17,L3_NCG,L3,NCG,Source,no,no,1
4,S34R,Targ7,L3_NCG,L3,NCG,Match,yes,yes,1
5,S34R,Targ5,L3_NCG,L3,NCG,Source,no,yes,0
6,S34R,Targ15,L3_NCG,L3,NCG,Goal,no,no,1
7,S34R,Targ6,L3_NCG,L3,NCG,Goal,no,no,1
8,S34R,Targ4,L3_NCG,L3,NCG,Match,yes,yes,1
9,S34R,Targ12,L3_NCG,L3,NCG,Goal,no,no,1
10,S34R,Targ8,L3_NCG,L3,NCG,Source,no,no,1
11,S34R,Targ18,L3_NCG,L3,NCG,Goal,no,no,1
12,S34R,Targ11,L3_NCG,L3,NCG,Source,no,no,1
13,S34R,Targ14,L3_NCG,L3,NCG,Source,no,no,1
14,S34R,Targ16,L3_NCG,L3,NCG,Match,yes,no,0
15,S34R,Targ1,L3_NCG,L3,NCG,Match,yes,yes,1
16,S34R,Targ9,L3_NCG,L3,NCG,Goal,no,yes,0
17,S34R,Targ3,L3_NCG,L3,NCG,Goal,no,no,1
18,S34R,Targ10,L3_NCG,L3,NCG,Match,yes,yes,1
1,S35R,Targ13,L1_NCG,L1,NCG,Source,no,no,1
2,S35R,Targ2,L1_NCG,L1,NCG,Goal,no,yes,0
3,S35R,Targ17,L1_NCG,L1,NCG,Goal,no,no,1
4,S35R,Targ7,L1_NCG,L1,NCG,Source,no,no,1
5,S35R,Targ5,L1_NCG,L1,NCG,Goal,no,no,1
6,S35R,Targ15,L1_NCG,L1,NCG,Match,yes,yes,1
7,S35R,Targ6,L1_NCG,L1,NCG,Match,yes,yes,1
8,S35R,Targ4,L1_NCG,L1,NCG,Source,no,no,1
9,S35R,Targ12,L1_NCG,L1,NCG,Match,yes,yes,1
10,S35R,Targ8,L1_NCG,L1,NCG,Goal,no,no,1
11,S35R,Targ18,L1_NCG,L1,NCG,Match,yes,yes,1
12,S35R,Targ11,L1_NCG,L1,NCG,Goal,no,no,1
13,S35R,Targ14,L1_NCG,L1,NCG,Goal,no,no,1
14,S35R,Targ16,L1_NCG,L1,NCG,Source,no,yes,0
15,S35R,Targ1,L1_NCG,L1,NCG,Source,no,yes,0
16,S35R,Targ9,L1_NCG,L1,NCG,Match,yes,yes,1
17,S35R,Targ3,L1_NCG,L1,NCG,Match,yes,yes,1
18,S35R,Targ10,L1_NCG,L1,NCG,Source,no,no,1
1,S36R,Targ13,L2_NCG,L2,NCG,Goal,no,yes,0
2,S36R,Targ2,L2_NCG,L2,NCG,Match,yes,yes,1
3,S36R,Targ17,L2_NCG,L2,NCG,Match,yes,yes,1
4,S36R,Targ7,L2_NCG,L2,NCG,Goal,no,yes,0
5,S36R,Targ5,L2_NCG,L2,NCG,Match,yes,yes,1
6,S36R,Targ15,L2_NCG,L2,NCG,Source,no,no,1
7,S36R,Targ6,L2_NCG,L2,NCG,Source,no,no,1
8,S36R,Targ4,L2_NCG,L2,NCG,Goal,no,no,1
9,S36R,Targ12,L2_NCG,L2,NCG,Source,no,no,1
10,S36R,Targ8,L2_NCG,L2,NCG,Match,yes,,0
11,S36R,Targ18,L2_NCG,L2,NCG,Source,no,yes,0
12,S36R,Targ11,L2_NCG,L2,NCG,Match,yes,no,0
13,S36R,Targ14,L2_NCG,L2,NCG,Match,yes,yes,1
14,S36R,Targ16,L2_NCG,L2,NCG,Goal,no,yes,0
15,S36R,Targ1,L2_NCG,L2,NCG,Goal,no,yes,0
16,S36R,Targ9,L2_NCG,L2,NCG,Source,no,yes,0
17,S36R,Targ3,L2_NCG,L2,NCG,Source,no,yes,0
18,S36R,Targ10,L2_NCG,L2,NCG,Goal,no,no,1
1,S37R,Targ13,L1_CG,L1,CG,Source,no,no,1
2,S37R,Targ2,L1_CG,L1,CG,Goal,no,no,1
3,S37R,Targ17,L1_CG,L1,CG,Goal,no,no,1
4,S37R,Targ7,L1_CG,L1,CG,Source,no,no,1
5,S37R,Targ5,L1_CG,L1,CG,Goal,no,no,1
6,S37R,Targ15,L1_CG,L1,CG,Match,yes,yes,1
7,S37R,Targ6,L1_CG,L1,CG,Match,yes,yes,1
8,S37R,Targ4,L1_CG,L1,CG,Source,no,yes,0
9,S37R,Targ12,L1_CG,L1,CG,Match,yes,no,0
10,S37R,Targ8,L1_CG,L1,CG,Goal,no,no,1
11,S37R,Targ18,L1_CG,L1,CG,Match,yes,yes,1
12,S37R,Targ11,L1_CG,L1,CG,Goal,no,no,1
13,S37R,Targ14,L1_CG,L1,CG,Goal,no,no,1
14,S37R,Targ16,L1_CG,L1,CG,Source,no,no,1
15,S37R,Targ1,L1_CG,L1,CG,Source,no,no,1
16,S37R,Targ9,L1_CG,L1,CG,Match,yes,no,0
17,S37R,Targ3,L1_CG,L1,CG,Match,yes,yes,1
18,S37R,Targ10,L1_CG,L1,CG,Source,no,no,1
1,S38R,Targ13,L2_CG,L2,CG,Goal,no,no,1
2,S38R,Targ2,L2_CG,L2,CG,Match,yes,yes,1
3,S38R,Targ17,L2_CG,L2,CG,Match,yes,yes,1
4,S38R,Targ7,L2_CG,L2,CG,Goal,no,no,1
5,S38R,Targ5,L2_CG,L2,CG,Match,yes,yes,1
6,S38R,Targ15,L2_CG,L2,CG,Source,no,no,1
7,S38R,Targ6,L2_CG,L2,CG,Source,no,no,1
8,S38R,Targ4,L2_CG,L2,CG,Goal,no,no,1
9,S38R,Targ12,L2_CG,L2,CG,Source,no,no,1
10,S38R,Targ8,L2_CG,L2,CG,Match,yes,yes,1
11,S38R,Targ18,L2_CG,L2,CG,Source,no,no,1
12,S38R,Targ11,L2_CG,L2,CG,Match,yes,yes,1
13,S38R,Targ14,L2_CG,L2,CG,Match,yes,yes,1
14,S38R,Targ16,L2_CG,L2,CG,Goal,no,no,1
15,S38R,Targ1,L2_CG,L2,CG,Goal,no,yes,0
16,S38R,Targ9,L2_CG,L2,CG,Source,no,no,1
17,S38R,Targ3,L2_CG,L2,CG,Source,no,no,1
18,S38R,Targ10,L2_CG,L2,CG,Goal,no,no,1
1,S39R,Targ13,L3_CG,L3,CG,Match,yes,yes,1
2,S39R,Targ2,L3_CG,L3,CG,Source,no,no,1
3,S39R,Targ17,L3_CG,L3,CG,Source,no,yes,0
4,S39R,Targ7,L3_CG,L3,CG,Match,yes,yes,1
5,S39R,Targ5,L3_CG,L3,CG,Source,no,yes,0
6,S39R,Targ15,L3_CG,L3,CG,Goal,no,no,1
7,S39R,Targ6,L3_CG,L3,CG,Goal,no,yes,0
8,S39R,Targ4,L3_CG,L3,CG,Match,yes,no,0
9,S39R,Targ12,L3_CG,L3,CG,Goal,no,yes,0
10,S39R,Targ8,L3_CG,L3,CG,Source,no,yes,0
11,S39R,Targ18,L3_CG,L3,CG,Goal,no,yes,0
12,S39R,Targ11,L3_CG,L3,CG,Source,no,yes,0
13,S39R,Targ14,L3_CG,L3,CG,Source,no,no,1
14,S39R,Targ16,L3_CG,L3,CG,Match,yes,no,0
15,S39R,Targ1,L3_CG,L3,CG,Match,yes,yes,1
16,S39R,Targ9,L3_CG,L3,CG,Goal,no,yes,0
17,S39R,Targ3,L3_CG,L3,CG,Goal,no,yes,0
18,S39R,Targ10,L3_CG,L3,CG,Match,yes,yes,1
1,S40R,Targ13,L3_NCG,L3,NCG,Match,yes,yes,1
2,S40R,Targ2,L3_NCG,L3,NCG,Source,no,yes,0
3,S40R,Targ17,L3_NCG,L3,NCG,Source,no,yes,0
4,S40R,Targ7,L3_NCG,L3,NCG,Match,yes,yes,1
5,S40R,Targ5,L3_NCG,L3,NCG,Source,no,yes,0
6,S40R,Targ15,L3_NCG,L3,NCG,Goal,no,no,1
7,S40R,Targ6,L3_NCG,L3,NCG,Goal,no,no,1
8,S40R,Targ4,L3_NCG,L3,NCG,Match,yes,no,0
9,S40R,Targ12,L3_NCG,L3,NCG,Goal,no,no,1
10,S40R,Targ8,L3_NCG,L3,NCG,Source,no,yes,0
11,S40R,Targ18,L3_NCG,L3,NCG,Goal,no,no,1
12,S40R,Targ11,L3_NCG,L3,NCG,Source,no,no,1
13,S40R,Targ14,L3_NCG,L3,NCG,Source,no,no,1
14,S40R,Targ16,L3_NCG,L3,NCG,Match,yes,no,0
15,S40R,Targ1,L3_NCG,L3,NCG,Match,yes,yes,1
16,S40R,Targ9,L3_NCG,L3,NCG,Goal,no,yes,0
17,S40R,Targ3,L3_NCG,L3,NCG,Goal,no,no,1
18,S40R,Targ10,L3_NCG,L3,NCG,Match,yes,yes,1
1,S41R,Targ13,L1_NCG,L1,NCG,Source,no,yes,0
2,S41R,Targ2,L1_NCG,L1,NCG,Goal,no,yes,0
3,S41R,Targ17,L1_NCG,L1,NCG,Goal,no,no,1
4,S41R,Targ7,L1_NCG,L1,NCG,Source,no,no,1
5,S41R,Targ5,L1_NCG,L1,NCG,Goal,no,no,1
6,S41R,Targ15,L1_NCG,L1,NCG,Match,yes,yes,1
7,S41R,Targ6,L1_NCG,L1,NCG,Match,yes,yes,1
8,S41R,Targ4,L1_NCG,L1,NCG,Source,no,no,1
9,S41R,Targ12,L1_NCG,L1,NCG,Match,yes,no,0
10,S41R,Targ8,L1_NCG,L1,NCG,Goal,no,no,1
11,S41R,Targ18,L1_NCG,L1,NCG,Match,yes,yes,1
12,S41R,Targ11,L1_NCG,L1,NCG,Goal,no,no,1
13,S41R,Targ14,L1_NCG,L1,NCG,Goal,no,no,1
14,S41R,Targ16,L1_NCG,L1,NCG,Source,no,yes,0
15,S41R,Targ1,L1_NCG,L1,NCG,Source,no,no,1
16,S41R,Targ9,L1_NCG,L1,NCG,Match,yes,yes,1
17,S41R,Targ3,L1_NCG,L1,NCG,Match,yes,yes,1
18,S41R,Targ10,L1_NCG,L1,NCG,Source,no,no,1
1,S42R,Targ13,L2_NCG,L2,NCG,Goal,no,no,1
2,S42R,Targ2,L2_NCG,L2,NCG,Match,yes,no,0
3,S42R,Targ17,L2_NCG,L2,NCG,Match,yes,yes,1
4,S42R,Targ7,L2_NCG,L2,NCG,Goal,no,no,1
5,S42R,Targ5,L2_NCG,L2,NCG,Match,yes,yes,1
6,S42R,Targ15,L2_NCG,L2,NCG,Source,no,no,1
7,S42R,Targ6,L2_NCG,L2,NCG,Source,no,no,1
8,S42R,Targ4,L2_NCG,L2,NCG,Goal,no,no,1
9,S42R,Targ12,L2_NCG,L2,NCG,Source,no,no,1
10,S42R,Targ8,L2_NCG,L2,NCG,Match,yes,yes,1
11,S42R,Targ18,L2_NCG,L2,NCG,Source,no,no,1
12,S42R,Targ11,L2_NCG,L2,NCG,Match,yes,yes,1
13,S42R,Targ14,L2_NCG,L2,NCG,Match,yes,yes,1
14,S42R,Targ16,L2_NCG,L2,NCG,Goal,no,no,1
15,S42R,Targ1,L2_NCG,L2,NCG,Goal,no,yes,0
16,S42R,Targ9,L2_NCG,L2,NCG,Source,no,yes,0
17,S42R,Targ3,L2_NCG,L2,NCG,Source,no,no,1
18,S42R,Targ10,L2_NCG,L2,NCG,Goal,no,no,1
1,S43R,Targ13,L3_NCG,L3,NCG,Match,yes,yes,1
2,S43R,Targ2,L3_NCG,L3,NCG,Source,no,yes,0
3,S43R,Targ17,L3_NCG,L3,NCG,Source,no,no,1
4,S43R,Targ7,L3_NCG,L3,NCG,Match,yes,yes,1
5,S43R,Targ5,L3_NCG,L3,NCG,Source,no,no,1
6,S43R,Targ15,L3_NCG,L3,NCG,Goal,no,no,1
7,S43R,Targ6,L3_NCG,L3,NCG,Goal,no,yes,0
8,S43R,Targ4,L3_NCG,L3,NCG,Match,yes,yes,1
9,S43R,Targ12,L3_NCG,L3,NCG,Goal,no,no,1
10,S43R,Targ8,L3_NCG,L3,NCG,Source,no,no,1
11,S43R,Targ18,L3_NCG,L3,NCG,Goal,no,yes,0
12,S43R,Targ11,L3_NCG,L3,NCG,Source,no,no,1
13,S43R,Targ14,L3_NCG,L3,NCG,Source,no,no,1
14,S43R,Targ16,L3_NCG,L3,NCG,Match,yes,no,0
15,S43R,Targ1,L3_NCG,L3,NCG,Match,yes,yes,1
16,S43R,Targ9,L3_NCG,L3,NCG,Goal,no,no,1
17,S43R,Targ3,L3_NCG,L3,NCG,Goal,no,no,1
18,S43R,Targ10,L3_NCG,L3,NCG,Match,yes,yes,1
1,S44R,Targ13,L1_CG,L1,CG,Source,no,yes,0
2,S44R,Targ2,L1_CG,L1,CG,Goal,no,no,1
3,S44R,Targ17,L1_CG,L1,CG,Goal,no,yes,0
4,S44R,Targ7,L1_CG,L1,CG,Source,no,yes,0
5,S44R,Targ5,L1_CG,L1,CG,Goal,no,yes,0
6,S44R,Targ15,L1_CG,L1,CG,Match,yes,yes,1
7,S44R,Targ6,L1_CG,L1,CG,Match,yes,yes,1
8,S44R,Targ4,L1_CG,L1,CG,Source,no,yes,0
9,S44R,Targ12,L1_CG,L1,CG,Match,yes,yes,1
10,S44R,Targ8,L1_CG,L1,CG,Goal,no,no,1
11,S44R,Targ18,L1_CG,L1,CG,Match,yes,yes,1
12,S44R,Targ11,L1_CG,L1,CG,Goal,no,no,1
13,S44R,Targ14,L1_CG,L1,CG,Goal,no,no,1
14,S44R,Targ16,L1_CG,L1,CG,Source,no,no,1
15,S44R,Targ1,L1_CG,L1,CG,Source,no,no,1
16,S44R,Targ9,L1_CG,L1,CG,Match,yes,yes,1
17,S44R,Targ3,L1_CG,L1,CG,Match,yes,yes,1
18,S44R,Targ10,L1_CG,L1,CG,Source,no,no,1
1,S45R,Targ13,L2_CG,L2,CG,Goal,no,no,1
2,S45R,Targ2,L2_CG,L2,CG,Match,yes,yes,1
3,S45R,Targ17,L2_CG,L2,CG,Match,yes,yes,1
4,S45R,Targ7,L2_CG,L2,CG,Goal,no,no,1
5,S45R,Targ5,L2_CG,L2,CG,Match,yes,yes,1
6,S45R,Targ15,L2_CG,L2,CG,Source,no,no,1
7,S45R,Targ6,L2_CG,L2,CG,Source,no,no,1
8,S45R,Targ4,L2_CG,L2,CG,Goal,no,no,1
9,S45R,Targ12,L2_CG,L2,CG,Source,no,no,1
10,S45R,Targ8,L2_CG,L2,CG,Match,yes,yes,1
11,S45R,Targ18,L2_CG,L2,CG,Source,no,no,1
12,S45R,Targ11,L2_CG,L2,CG,Match,yes,yes,1
13,S45R,Targ14,L2_CG,L2,CG,Match,yes,no,0
14,S45R,Targ16,L2_CG,L2,CG,Goal,no,no,1
15,S45R,Targ1,L2_CG,L2,CG,Goal,no,no,1
16,S45R,Targ9,L2_CG,L2,CG,Source,no,no,1
17,S45R,Targ3,L2_CG,L2,CG,Source,no,no,1
18,S45R,Targ10,L2_CG,L2,CG,Goal,no,no,1
1,S46R,Targ13,L2_CG,L2,CG,Goal,no,no,1
2,S46R,Targ2,L2_CG,L2,CG,Match,yes,yes,1
3,S46R,Targ17,L2_CG,L2,CG,Match,yes,yes,1
4,S46R,Targ7,L2_CG,L2,CG,Goal,no,no,1
5,S46R,Targ5,L2_CG,L2,CG,Match,yes,yes,1
6,S46R,Targ15,L2_CG,L2,CG,Source,no,no,1
7,S46R,Targ6,L2_CG,L2,CG,Source,no,yes,0
8,S46R,Targ4,L2_CG,L2,CG,Goal,no,no,1
9,S46R,Targ12,L2_CG,L2,CG,Source,no,no,1
10,S46R,Targ8,L2_CG,L2,CG,Match,yes,yes,1
11,S46R,Targ18,L2_CG,L2,CG,Source,no,no,1
12,S46R,Targ11,L2_CG,L2,CG,Match,yes,yes,1
13,S46R,Targ14,L2_CG,L2,CG,Match,yes,yes,1
14,S46R,Targ16,L2_CG,L2,CG,Goal,no,no,1
15,S46R,Targ1,L2_CG,L2,CG,Goal,no,yes,0
16,S46R,Targ9,L2_CG,L2,CG,Source,no,yes,0
17,S46R,Targ3,L2_CG,L2,CG,Source,no,no,1
18,S46R,Targ10,L2_CG,L2,CG,Goal,no,no,1
1,S47R,Targ13,L3_CG,L3,CG,Match,yes,yes,1
2,S47R,Targ2,L3_CG,L3,CG,Source,no,yes,0
3,S47R,Targ17,L3_CG,L3,CG,Source,no,yes,0
4,S47R,Targ7,L3_CG,L3,CG,Match,yes,yes,1
5,S47R,Targ5,L3_CG,L3,CG,Source,no,no,1
6,S47R,Targ15,L3_CG,L3,CG,Goal,no,no,1
7,S47R,Targ6,L3_CG,L3,CG,Goal,no,yes,0
8,S47R,Targ4,L3_CG,L3,CG,Match,yes,yes,1
9,S47R,Targ12,L3_CG,L3,CG,Goal,no,no,1
10,S47R,Targ8,L3_CG,L3,CG,Source,no,no,1
11,S47R,Targ18,L3_CG,L3,CG,Goal,no,no,1
12,S47R,Targ11,L3_CG,L3,CG,Source,no,no,1
13,S47R,Targ14,L3_CG,L3,CG,Source,no,no,1
14,S47R,Targ16,L3_CG,L3,CG,Match,yes,yes,1
15,S47R,Targ1,L3_CG,L3,CG,Match,yes,yes,1
16,S47R,Targ9,L3_CG,L3,CG,Goal,no,yes,0
17,S47R,Targ3,L3_CG,L3,CG,Goal,no,no,1
18,S47R,Targ10,L3_CG,L3,CG,Match,yes,yes,1
1,S48R,Targ13,L1_NCG,L1,NCG,Source,no,yes,0
2,S48R,Targ2,L1_NCG,L1,NCG,Goal,no,yes,0
3,S48R,Targ17,L1_NCG,L1,NCG,Goal,no,yes,0
4,S48R,Targ7,L1_NCG,L1,NCG,Source,no,yes,0
5,S48R,Targ5,L1_NCG,L1,NCG,Goal,no,yes,0
6,S48R,Targ15,L1_NCG,L1,NCG,Match,yes,yes,1
7,S48R,Targ6,L1_NCG,L1,NCG,Match,yes,yes,1
8,S48R,Targ4,L1_NCG,L1,NCG,Source,no,yes,0
9,S48R,Targ12,L1_NCG,L1,NCG,Match,yes,yes,1
10,S48R,Targ8,L1_NCG,L1,NCG,Goal,no,no,1
11,S48R,Targ18,L1_NCG,L1,NCG,Match,yes,yes,1
12,S48R,Targ11,L1_NCG,L1,NCG,Goal,no,no,1
13,S48R,Targ14,L1_NCG,L1,NCG,Goal,no,no,1
14,S48R,Targ16,L1_NCG,L1,NCG,Source,no,no,1
15,S48R,Targ1,L1_NCG,L1,NCG,Source,no,no,1
16,S48R,Targ9,L1_NCG,L1,NCG,Match,yes,yes,1
17,S48R,Targ3,L1_NCG,L1,NCG,Match,yes,yes,1
18,S48R,Targ10,L1_NCG,L1,NCG,Source,no,no,1
1,S49R,Targ13,L2_NCG,L2,NCG,Goal,no,no,1
2,S49R,Targ2,L2_NCG,L2,NCG,Match,yes,yes,1
3,S49R,Targ17,L2_NCG,L2,NCG,Match,yes,yes,1
4,S49R,Targ7,L2_NCG,L2,NCG,Goal,no,no,1
5,S49R,Targ5,L2_NCG,L2,NCG,Match,yes,yes,1
6,S49R,Targ15,L2_NCG,L2,NCG,Source,no,no,1
7,S49R,Targ6,L2_NCG,L2,NCG,Source,no,yes,0
8,S49R,Targ4,L2_NCG,L2,NCG,Goal,no,no,1
9,S49R,Targ12,L2_NCG,L2,NCG,Source,no,no,1
10,S49R,Targ8,L2_NCG,L2,NCG,Match,yes,yes,1
11,S49R,Targ18,L2_NCG,L2,NCG,Source,no,yes,0
12,S49R,Targ11,L2_NCG,L2,NCG,Match,yes,yes,1
13,S49R,Targ14,L2_NCG,L2,NCG,Match,yes,no,0
14,S49R,Targ16,L2_NCG,L2,NCG,Goal,no,yes,0
15,S49R,Targ1,L2_NCG,L2,NCG,Goal,no,no,1
16,S49R,Targ9,L2_NCG,L2,NCG,Source,no,no,1
17,S49R,Targ3,L2_NCG,L2,NCG,Source,no,no,1
18,S49R,Targ10,L2_NCG,L2,NCG,Goal,no,no,1
1,S50R,Targ13,L3_NCG,L3,NCG,Match,yes,yes,1
2,S50R,Targ2,L3_NCG,L3,NCG,Source,no,yes,0
3,S50R,Targ17,L3_NCG,L3,NCG,Source,no,yes,0
4,S50R,Targ7,L3_NCG,L3,NCG,Match,yes,yes,1
5,S50R,Targ5,L3_NCG,L3,NCG,Source,no,yes,0
6,S50R,Targ15,L3_NCG,L3,NCG,Goal,no,no,1
7,S50R,Targ6,L3_NCG,L3,NCG,Goal,no,yes,0
8,S50R,Targ4,L3_NCG,L3,NCG,Match,yes,yes,1
9,S50R,Targ12,L3_NCG,L3,NCG,Goal,no,no,1
10,S50R,Targ8,L3_NCG,L3,NCG,Source,no,no,1
11,S50R,Targ18,L3_NCG,L3,NCG,Goal,no,no,1
12,S50R,Targ11,L3_NCG,L3,NCG,Source,no,no,1
13,S50R,Targ14,L3_NCG,L3,NCG,Source,no,no,1
14,S50R,Targ16,L3_NCG,L3,NCG,Match,yes,yes,1
15,S50R,Targ1,L3_NCG,L3,NCG,Match,yes,yes,1
16,S50R,Targ9,L3_NCG,L3,NCG,Goal,no,yes,0
17,S50R,Targ3,L3_NCG,L3,NCG,Goal,no,no,1
18,S50R,Targ10,L3_NCG,L3,NCG,Match,yes,yes,1
1,S51R,Targ13,L1_CG,L1,CG,Source,no,no,1
2,S51R,Targ2,L1_CG,L1,CG,Goal,no,no,1
3,S51R,Targ17,L1_CG,L1,CG,Goal,no,yes,0
4,S51R,Targ7,L1_CG,L1,CG,Source,no,yes,0
5,S51R,Targ5,L1_CG,L1,CG,Goal,no,yes,0
6,S51R,Targ15,L1_CG,L1,CG,Match,yes,yes,1
7,S51R,Targ6,L1_CG,L1,CG,Match,yes,yes,1
8,S51R,Targ4,L1_CG,L1,CG,Source,no,yes,0
9,S51R,Targ12,L1_CG,L1,CG,Match,yes,yes,1
10,S51R,Targ8,L1_CG,L1,CG,Goal,no,no,1
11,S51R,Targ18,L1_CG,L1,CG,Match,yes,yes,1
12,S51R,Targ11,L1_CG,L1,CG,Goal,no,no,1
13,S51R,Targ14,L1_CG,L1,CG,Goal,no,no,1
14,S51R,Targ16,L1_CG,L1,CG,Source,no,no,1
15,S51R,Targ1,L1_CG,L1,CG,Source,no,yes,0
16,S51R,Targ9,L1_CG,L1,CG,Match,yes,yes,1
17,S51R,Targ3,L1_CG,L1,CG,Match,yes,yes,1
18,S51R,Targ10,L1_CG,L1,CG,Source,no,no,1
1,S52R,Targ13,L3_CG,L3,CG,Match,yes,yes,1
2,S52R,Targ2,L3_CG,L3,CG,Source,no,yes,0
3,S52R,Targ17,L3_CG,L3,CG,Source,no,yes,0
4,S52R,Targ7,L3_CG,L3,CG,Match,yes,yes,1
5,S52R,Targ5,L3_CG,L3,CG,Source,no,yes,0
6,S52R,Targ15,L3_CG,L3,CG,Goal,no,no,1
7,S52R,Targ6,L3_CG,L3,CG,Goal,no,yes,0
8,S52R,Targ4,L3_CG,L3,CG,Match,yes,yes,1
9,S52R,Targ12,L3_CG,L3,CG,Goal,no,yes,0
10,S52R,Targ8,L3_CG,L3,CG,Source,no,no,1
11,S52R,Targ18,L3_CG,L3,CG,Goal,no,no,1
12,S52R,Targ11,L3_CG,L3,CG,Source,no,no,1
13,S52R,Targ14,L3_CG,L3,CG,Source,no,no,1
14,S52R,Targ16,L3_CG,L3,CG,Match,yes,yes,1
15,S52R,Targ1,L3_CG,L3,CG,Match,yes,yes,1
16,S52R,Targ9,L3_CG,L3,CG,Goal,no,yes,0
17,S52R,Targ3,L3_CG,L3,CG,Goal,no,no,1
18,S52R,Targ10,L3_CG,L3,CG,Match,yes,yes,1
1,S53R,Targ13,L2_NCG,L2,NCG,Goal,no,yes,0
2,S53R,Targ2,L2_NCG,L2,NCG,Match,yes,yes,1
3,S53R,Targ17,L2_NCG,L2,NCG,Match,yes,yes,1
4,S53R,Targ7,L2_NCG,L2,NCG,Goal,no,no,1
5,S53R,Targ5,L2_NCG,L2,NCG,Match,yes,no,0
6,S53R,Targ15,L2_NCG,L2,NCG,Source,no,no,1
7,S53R,Targ6,L2_NCG,L2,NCG,Source,no,no,1
8,S53R,Targ4,L2_NCG,L2,NCG,Goal,no,no,1
9,S53R,Targ12,L2_NCG,L2,NCG,Source,no,no,1
10,S53R,Targ8,L2_NCG,L2,NCG,Match,yes,yes,1
11,S53R,Targ18,L2_NCG,L2,NCG,Source,no,no,1
12,S53R,Targ11,L2_NCG,L2,NCG,Match,yes,yes,1
13,S53R,Targ14,L2_NCG,L2,NCG,Match,yes,yes,1
14,S53R,Targ16,L2_NCG,L2,NCG,Goal,no,no,1
15,S53R,Targ1,L2_NCG,L2,NCG,Goal,no,no,1
16,S53R,Targ9,L2_NCG,L2,NCG,Source,no,yes,0
17,S53R,Targ3,L2_NCG,L2,NCG,Source,no,no,1
18,S53R,Targ10,L2_NCG,L2,NCG,Goal,no,no,1
1,S54R,Targ13,L3_CG,L3,CG,Match,yes,yes,1
2,S54R,Targ2,L3_CG,L3,CG,Source,no,no,1
3,S54R,Targ17,L3_CG,L3,CG,Source,no,no,1
4,S54R,Targ7,L3_CG,L3,CG,Match,yes,yes,1
5,S54R,Targ5,L3_CG,L3,CG,Source,no,no,1
6,S54R,Targ15,L3_CG,L3,CG,Goal,no,no,1
7,S54R,Targ6,L3_CG,L3,CG,Goal,no,no,1
8,S54R,Targ4,L3_CG,L3,CG,Match,yes,yes,1
9,S54R,Targ12,L3_CG,L3,CG,Goal,no,no,1
10,S54R,Targ8,L3_CG,L3,CG,Source,no,yes,0
11,S54R,Targ18,L3_CG,L3,CG,Goal,no,no,1
12,S54R,Targ11,L3_CG,L3,CG,Source,no,no,1
13,S54R,Targ14,L3_CG,L3,CG,Source,no,no,1
14,S54R,Targ16,L3_CG,L3,CG,Match,yes,no,0
15,S54R,Targ1,L3_CG,L3,CG,Match,yes,yes,1
16,S54R,Targ9,L3_CG,L3,CG,Goal,no,yes,0
17,S54R,Targ3,L3_CG,L3,CG,Goal,no,no,1
18,S54R,Targ10,L3_CG,L3,CG,Match,yes,yes,1
1,S55R,Targ13,L3_NCG,L3,NCG,Match,yes,yes,1
2,S55R,Targ2,L3_NCG,L3,NCG,Source,no,yes,0
3,S55R,Targ17,L3_NCG,L3,NCG,Source,no,yes,0
4,S55R,Targ7,L3_NCG,L3,NCG,Match,yes,yes,1
5,S55R,Targ5,L3_NCG,L3,NCG,Source,no,yes,0
6,S55R,Targ15,L3_NCG,L3,NCG,Goal,no,no,1
7,S55R,Targ6,L3_NCG,L3,NCG,Goal,no,yes,0
8,S55R,Targ4,L3_NCG,L3,NCG,Match,yes,no,0
9,S55R,Targ12,L3_NCG,L3,NCG,Goal,no,no,1
10,S55R,Targ8,L3_NCG,L3,NCG,Source,no,no,1
11,S55R,Targ18,L3_NCG,L3,NCG,Goal,no,no,1
12,S55R,Targ11,L3_NCG,L3,NCG,Source,no,no,1
13,S55R,Targ14,L3_NCG,L3,NCG,Source,no,no,1
14,S55R,Targ16,L3_NCG,L3,NCG,Match,yes,yes,1
15,S55R,Targ1,L3_NCG,L3,NCG,Match,yes,yes,1
16,S55R,Targ9,L3_NCG,L3,NCG,Goal,no,no,1
17,S55R,Targ3,L3_NCG,L3,NCG,Goal,no,yes,0
18,S55R,Targ10,L3_NCG,L3,NCG,Match,yes,yes,1
1,S56R,Targ13,L1_NCG,L1,NCG,Source,no,yes,0
2,S56R,Targ2,L1_NCG,L1,NCG,Goal,no,no,1
3,S56R,Targ17,L1_NCG,L1,NCG,Goal,no,yes,0
4,S56R,Targ7,L1_NCG,L1,NCG,Source,no,yes,0
5,S56R,Targ5,L1_NCG,L1,NCG,Goal,no,yes,0
6,S56R,Targ15,L1_NCG,L1,NCG,Match,yes,yes,1
7,S56R,Targ6,L1_NCG,L1,NCG,Match,yes,yes,1
8,S56R,Targ4,L1_NCG,L1,NCG,Source,no,yes,0
9,S56R,Targ12,L1_NCG,L1,NCG,Match,yes,no,0
10,S56R,Targ8,L1_NCG,L1,NCG,Goal,no,no,1
11,S56R,Targ18,L1_NCG,L1,NCG,Match,yes,yes,1
12,S56R,Targ11,L1_NCG,L1,NCG,Goal,no,no,1
13,S56R,Targ14,L1_NCG,L1,NCG,Goal,no,no,1
14,S56R,Targ16,L1_NCG,L1,NCG,Source,no,yes,0
15,S56R,Targ1,L1_NCG,L1,NCG,Source,no,yes,0
16,S56R,Targ9,L1_NCG,L1,NCG,Match,yes,yes,1
17,S56R,Targ3,L1_NCG,L1,NCG,Match,yes,yes,1
18,S56R,Targ10,L1_NCG,L1,NCG,Source,no,no,1
1,S58R,Targ13,L2_NCG,L2,NCG,Goal,no,no,1
2,S58R,Targ2,L2_NCG,L2,NCG,Match,yes,yes,1
3,S58R,Targ17,L2_NCG,L2,NCG,Match,yes,yes,1
4,S58R,Targ7,L2_NCG,L2,NCG,Goal,no,yes,0
5,S58R,Targ5,L2_NCG,L2,NCG,Match,yes,no,0
6,S58R,Targ15,L2_NCG,L2,NCG,Source,no,no,1
7,S58R,Targ6,L2_NCG,L2,NCG,Source,no,yes,0
8,S58R,Targ4,L2_NCG,L2,NCG,Goal,no,yes,0
9,S58R,Targ12,L2_NCG,L2,NCG,Source,no,no,1
10,S58R,Targ8,L2_NCG,L2,NCG,Match,yes,no,0
11,S58R,Targ18,L2_NCG,L2,NCG,Source,no,yes,0
12,S58R,Targ11,L2_NCG,L2,NCG,Match,yes,yes,1
13,S58R,Targ14,L2_NCG,L2,NCG,Match,yes,yes,1
14,S58R,Targ16,L2_NCG,L2,NCG,Goal,no,no,1
15,S58R,Targ1,L2_NCG,L2,NCG,Goal,no,yes,0
16,S58R,Targ9,L2_NCG,L2,NCG,Source,no,yes,0
17,S58R,Targ3,L2_NCG,L2,NCG,Source,no,no,1
18,S58R,Targ10,L2_NCG,L2,NCG,Goal,no,no,1
1,S59R,Targ13,L1_CG,L1,CG,Source,no,yes,0
2,S59R,Targ2,L1_CG,L1,CG,Goal,no,yes,0
3,S59R,Targ17,L1_CG,L1,CG,Goal,no,yes,0
4,S59R,Targ7,L1_CG,L1,CG,Source,no,no,1
5,S59R,Targ5,L1_CG,L1,CG,Goal,no,no,1
6,S59R,Targ15,L1_CG,L1,CG,Match,yes,yes,1
7,S59R,Targ6,L1_CG,L1,CG,Match,yes,yes,1
8,S59R,Targ4,L1_CG,L1,CG,Source,no,no,1
9,S59R,Targ12,L1_CG,L1,CG,Match,yes,yes,1
10,S59R,Targ8,L1_CG,L1,CG,Goal,no,no,1
11,S59R,Targ18,L1_CG,L1,CG,Match,yes,yes,1
12,S59R,Targ11,L1_CG,L1,CG,Goal,no,no,1
13,S59R,Targ14,L1_CG,L1,CG,Goal,no,no,1
14,S59R,Targ16,L1_CG,L1,CG,Source,no,yes,0
15,S59R,Targ1,L1_CG,L1,CG,Source,no,no,1
16,S59R,Targ9,L1_CG,L1,CG,Match,yes,yes,1
17,S59R,Targ3,L1_CG,L1,CG,Match,yes,yes,1
18,S59R,Targ10,L1_CG,L1,CG,Source,no,no,1