SubjID,ListID,ListNumb,TargID,ItemNumb,ChangeCondition,TargetResponse,ParticipantResponse,IsResponseCorrect
S1,L1_NCG_A,L1,Targ13,2,Source,no,no,1
S1,L1_NCG_A,L1,Targ2,4,Goal,no,no,1
S1,L1_NCG_A,L1,Targ17,6,Goal,no,no,1
S1,L1_NCG_A,L1,Targ7,8,Source,no,no,1
S1,L1_NCG_A,L1,Targ5,10,Goal,no,no,1
S1,L1_NCG_A,L1,Targ15,11,Match,yes,yes,1
S1,L1_NCG_A,L1,Targ6,14,Match,yes,yes,1
S1,L1_NCG_A,L1,Targ4,16,Source,no,no,1
S1,L1_NCG_A,L1,Targ12,17,Match,yes,yes,1
S1,L1_NCG_A,L1,Targ8,19,Goal,no,no,1
S1,L1_NCG_A,L1,Targ18,22,Match,yes,yes,1
S1,L1_NCG_A,L1,Targ11,24,Goal,no,no,1
S1,L1_NCG_A,L1,Targ14,26,Goal,no,no,1
S1,L1_NCG_A,L1,Targ16,28,Source,no,no,1
S1,L1_NCG_A,L1,Targ1,30,Source,no,no,1
S1,L1_NCG_A,L1,Targ9,32,Match,yes,yes,1
S1,L1_NCG_A,L1,Targ3,33,Match,yes,no,0
S1,L1_NCG_A,L1,Targ10,35,Source,no,no,1
S2,L2_NCG_A,L2,Targ13,2,Goal,no,no,1
S2,L2_NCG_A,L2,Targ2,4,Match,yes,yes,1
S2,L2_NCG_A,L2,Targ17,6,Match,yes,yes,1
S2,L2_NCG_A,L2,Targ7,8,Goal,no,no,1
S2,L2_NCG_A,L2,Targ5,10,Match,yes,no,0
S2,L2_NCG_A,L2,Targ15,11,Source,no,no,1
S2,L2_NCG_A,L2,Targ6,14,Source,no,no,1
S2,L2_NCG_A,L2,Targ4,16,Goal,no,no,1
S2,L2_NCG_A,L2,Targ12,17,Source,no,no,1
S2,L2_NCG_A,L2,Targ8,19,Match,yes,yes,1
S2,L2_NCG_A,L2,Targ18,22,Source,no,yes,0
S2,L2_NCG_A,L2,Targ11,24,Match,yes,yes,1
S2,L2_NCG_A,L2,Targ14,26,Match,yes,yes,1
S2,L2_NCG_A,L2,Targ16,28,Goal,no,no,1
S2,L2_NCG_A,L2,Targ1,30,Goal,no,yes,0
S2,L2_NCG_A,L2,Targ9,32,Source,no,yes,0
S2,L2_NCG_A,L2,Targ3,33,Source,no,no,1
S2,L2_NCG_A,L2,Targ10,35,Goal,no,no,1
S3,L3_NCG_A,L3,Targ13,2,Match,yes,yes,1
S3,L3_NCG_A,L3,Targ2,4,Source,no,no,1
S3,L3_NCG_A,L3,Targ17,6,Source,no,yes,0
S3,L3_NCG_A,L3,Targ7,8,Match,yes,yes,1
S3,L3_NCG_A,L3,Targ5,10,Source,no,no,1
S3,L3_NCG_A,L3,Targ15,11,Goal,no,no,1
S3,L3_NCG_A,L3,Targ6,14,Goal,no,no,1
S3,L3_NCG_A,L3,Targ4,16,Match,yes,yes,1
S3,L3_NCG_A,L3,Targ12,17,Goal,no,no,1
S3,L3_NCG_A,L3,Targ8,19,Source,no,no,1
S3,L3_NCG_A,L3,Targ18,22,Goal,no,no,1
S3,L3_NCG_A,L3,Targ11,24,Source,no,no,1
S3,L3_NCG_A,L3,Targ14,26,Source,no,no,1
S3,L3_NCG_A,L3,Targ16,28,Match,yes,yes,1
S3,L3_NCG_A,L3,Targ1,30,Match,yes,yes,1
S3,L3_NCG_A,L3,Targ9,32,Goal,no,no,1
S3,L3_NCG_A,L3,Targ3,33,Goal,no,no,1
S3,L3_NCG_A,L3,Targ10,35,Match,yes,yes,1
S4,L1_CG_A,L1,Targ13,2,Source,no,yes,0
S4,L1_CG_A,L1,Targ2,4,Goal,no,yes,0
S4,L1_CG_A,L1,Targ17,6,Goal,no,yes,0
S4,L1_CG_A,L1,Targ7,8,Source,no,yes,0
S4,L1_CG_A,L1,Targ5,10,Goal,no,no,1
S4,L1_CG_A,L1,Targ15,11,Match,yes,yes,1
S4,L1_CG_A,L1,Targ6,14,Match,yes,yes,1
S4,L1_CG_A,L1,Targ4,16,Source,no,no,1
S4,L1_CG_A,L1,Targ12,17,Match,yes,yes,1
S4,L1_CG_A,L1,Targ8,19,Goal,no,yes,0
S4,L1_CG_A,L1,Targ18,22,Match,yes,yes,1
S4,L1_CG_A,L1,Targ11,24,Goal,no,no,1
S4,L1_CG_A,L1,Targ14,26,Goal,no,no,1
S4,L1_CG_A,L1,Targ16,28,Source,no,no,1
S4,L1_CG_A,L1,Targ1,30,Source,no,yes,0
S4,L1_CG_A,L1,Targ9,32,Match,yes,no,0
S4,L1_CG_A,L1,Targ3,33,Match,yes,yes,1
S4,L1_CG_A,L1,Targ10,35,Source,no,yes,0
S5,L2_CG_A,L2,Targ13,2,Goal,no,no,1
S5,L2_CG_A,L2,Targ2,4,Match,yes,yes,1
S5,L2_CG_A,L2,Targ17,6,Match,yes,yes,1
S5,L2_CG_A,L2,Targ7,8,Goal,no,no,1
S5,L2_CG_A,L2,Targ5,10,Match,yes,no,0
S5,L2_CG_A,L2,Targ15,11,Source,no,no,1
S5,L2_CG_A,L2,Targ6,14,Source,no,yes,0
S5,L2_CG_A,L2,Targ4,16,Goal,no,no,1
S5,L2_CG_A,L2,Targ12,17,Source,no,no,1
S5,L2_CG_A,L2,Targ8,19,Match,yes,yes,1
S5,L2_CG_A,L2,Targ18,22,Source,no,yes,0
S5,L2_CG_A,L2,Targ11,24,Match,yes,yes,1
S5,L2_CG_A,L2,Targ14,26,Match,yes,yes,1
S5,L2_CG_A,L2,Targ16,28,Goal,no,no,1
S5,L2_CG_A,L2,Targ1,30,Goal,no,yes,0
S5,L2_CG_A,L2,Targ9,32,Source,no,yes,0
S5,L2_CG_A,L2,Targ3,33,Source,no,yes,0
S5,L2_CG_A,L2,Targ10,35,Goal,no,no,1
S6,L3_CG_A,L3,Targ13,2,Match,yes,yes,1
S6,L3_CG_A,L3,Targ2,4,Source,no,yes,0
S6,L3_CG_A,L3,Targ17,6,Source,no,yes,0
S6,L3_CG_A,L3,Targ7,8,Match,yes,yes,1
S6,L3_CG_A,L3,Targ5,10,Source,no,no,1
S6,L3_CG_A,L3,Targ15,11,Goal,no,no,1
S6,L3_CG_A,L3,Targ6,14,Goal,no,no,1
S6,L3_CG_A,L3,Targ4,16,Match,yes,no,0
S6,L3_CG_A,L3,Targ12,17,Goal,no,no,1
S6,L3_CG_A,L3,Targ8,19,Source,no,no,1
S6,L3_CG_A,L3,Targ18,22,Goal,no,no,1
S6,L3_CG_A,L3,Targ11,24,Source,no,no,1
S6,L3_CG_A,L3,Targ14,26,Source,no,no,1
S6,L3_CG_A,L3,Targ16,28,Match,yes,no,0
S6,L3_CG_A,L3,Targ1,30,Match,yes,yes,1
S6,L3_CG_A,L3,Targ9,32,Goal,no,no,1
S6,L3_CG_A,L3,Targ3,33,Goal,no,yes,0
S6,L3_CG_A,L3,Targ10,35,Match,yes,yes,1
S7,L1_NCG_A,L1,Targ13,2,Source,no,no,1
S7,L1_NCG_A,L1,Targ2,4,Goal,no,no,1
S7,L1_NCG_A,L1,Targ17,6,Goal,no,no,1
S7,L1_NCG_A,L1,Targ7,8,Source,no,no,1
S7,L1_NCG_A,L1,Targ5,10,Goal,no,no,1
S7,L1_NCG_A,L1,Targ15,11,Match,yes,yes,1
S7,L1_NCG_A,L1,Targ6,14,Match,yes,yes,1
S7,L1_NCG_A,L1,Targ4,16,Source,no,no,1
S7,L1_NCG_A,L1,Targ12,17,Match,yes,no,0
S7,L1_NCG_A,L1,Targ8,19,Goal,no,no,1
S7,L1_NCG_A,L1,Targ18,22,Match,yes,yes,1
S7,L1_NCG_A,L1,Targ11,24,Goal,no,no,1
S7,L1_NCG_A,L1,Targ14,26,Goal,no,no,1
S7,L1_NCG_A,L1,Targ16,28,Source,no,no,1
S7,L1_NCG_A,L1,Targ1,30,Source,no,no,1
S7,L1_NCG_A,L1,Targ9,32,Match,yes,yes,1
S7,L1_NCG_A,L1,Targ3,33,Match,yes,yes,1
S7,L1_NCG_A,L1,Targ10,35,Source,no,no,1
S8,L2_NCG_A,L2,Targ13,2,Goal,no,no,1
S8,L2_NCG_A,L2,Targ2,4,Match,yes,yes,1
S8,L2_NCG_A,L2,Targ17,6,Match,yes,yes,1
S8,L2_NCG_A,L2,Targ7,8,Goal,no,no,1
S8,L2_NCG_A,L2,Targ5,10,Match,yes,yes,1
S8,L2_NCG_A,L2,Targ15,11,Source,no,no,1
S8,L2_NCG_A,L2,Targ6,14,Source,no,no,1
S8,L2_NCG_A,L2,Targ4,16,Goal,no,no,1
S8,L2_NCG_A,L2,Targ12,17,Source,no,no,1
S8,L2_NCG_A,L2,Targ8,19,Match,yes,yes,1
S8,L2_NCG_A,L2,Targ18,22,Source,no,yes,0
S8,L2_NCG_A,L2,Targ11,24,Match,yes,yes,1
S8,L2_NCG_A,L2,Targ14,26,Match,yes,yes,1
S8,L2_NCG_A,L2,Targ16,28,Goal,no,yes,0
S8,L2_NCG_A,L2,Targ1,30,Goal,no,yes,0
S8,L2_NCG_A,L2,Targ9,32,Source,no,yes,0
S8,L2_NCG_A,L2,Targ3,33,Source,no,no,1
S8,L2_NCG_A,L2,Targ10,35,Goal,no,no,1
S9,L3_NCG_A,L3,Targ13,2,Match,yes,yes,1
S9,L3_NCG_A,L3,Targ2,4,Source,no,yes,0
S9,L3_NCG_A,L3,Targ17,6,Source,no,yes,0
S9,L3_NCG_A,L3,Targ7,8,Match,yes,yes,1
S9,L3_NCG_A,L3,Targ5,10,Source,no,no,1
S9,L3_NCG_A,L3,Targ15,11,Goal,no,no,1
S9,L3_NCG_A,L3,Targ6,14,Goal,no,yes,0
S9,L3_NCG_A,L3,Targ4,16,Match,yes,yes,1
S9,L3_NCG_A,L3,Targ12,17,Goal,no,no,1
S9,L3_NCG_A,L3,Targ8,19,Source,no,no,1
S9,L3_NCG_A,L3,Targ18,22,Goal,no,no,1
S9,L3_NCG_A,L3,Targ11,24,Source,no,no,1
S9,L3_NCG_A,L3,Targ14,26,Source,no,no,1
S9,L3_NCG_A,L3,Targ16,28,Match,yes,no,0
S9,L3_NCG_A,L3,Targ1,30,Match,yes,yes,1
S9,L3_NCG_A,L3,Targ9,32,Goal,no,yes,0
S9,L3_NCG_A,L3,Targ3,33,Goal,no,no,1
S9,L3_NCG_A,L3,Targ10,35,Match,yes,yes,1
S10,L1_CG_A,L1,Targ13,2,Source,no,yes,0
S10,L1_CG_A,L1,Targ2,4,Goal,no,no,1
S10,L1_CG_A,L1,Targ17,6,Goal,no,no,1
S10,L1_CG_A,L1,Targ7,8,Source,no,no,1
S10,L1_CG_A,L1,Targ5,10,Goal,no,no,1
S10,L1_CG_A,L1,Targ15,11,Match,yes,yes,1
S10,L1_CG_A,L1,Targ6,14,Match,yes,yes,1
S10,L1_CG_A,L1,Targ4,16,Source,no,no,1
S10,L1_CG_A,L1,Targ12,17,Match,yes,yes,1
S10,L1_CG_A,L1,Targ8,19,Goal,no,no,1
S10,L1_CG_A,L1,Targ18,22,Match,yes,yes,1
S10,L1_CG_A,L1,Targ11,24,Goal,no,no,1
S10,L1_CG_A,L1,Targ14,26,Goal,no,no,1
S10,L1_CG_A,L1,Targ16,28,Source,no,yes,0
S10,L1_CG_A,L1,Targ1,30,Source,no,no,1
S10,L1_CG_A,L1,Targ9,32,Match,yes,yes,1
S10,L1_CG_A,L1,Targ3,33,Match,yes,yes,1
S10,L1_CG_A,L1,Targ10,35,Source,no,no,1
S11,L2_CG_A,L2,Targ13,2,Goal,no,no,1
S11,L2_CG_A,L2,Targ2,4,Match,yes,yes,1
S11,L2_CG_A,L2,Targ17,6,Match,yes,yes,1
S11,L2_CG_A,L2,Targ7,8,Goal,no,no,1
S11,L2_CG_A,L2,Targ5,10,Match,yes,yes,1
S11,L2_CG_A,L2,Targ15,11,Source,no,no,1
S11,L2_CG_A,L2,Targ6,14,Source,no,yes,0
S11,L2_CG_A,L2,Targ4,16,Goal,no,no,1
S11,L2_CG_A,L2,Targ12,17,Source,no,yes,0
S11,L2_CG_A,L2,Targ8,19,Match,yes,no,0
S11,L2_CG_A,L2,Targ18,22,Source,no,no,1
S11,L2_CG_A,L2,Targ11,24,Match,yes,yes,1
S11,L2_CG_A,L2,Targ14,26,Match,yes,no,0
S11,L2_CG_A,L2,Targ16,28,Goal,no,yes,0
S11,L2_CG_A,L2,Targ1,30,Goal,no,yes,0
S11,L2_CG_A,L2,Targ9,32,Source,no,yes,0
S11,L2_CG_A,L2,Targ3,33,Source,no,no,1
S11,L2_CG_A,L2,Targ10,35,Goal,no,no,1
S12,L3_CG_A,L3,Targ13,2,Match,yes,yes,1
S12,L3_CG_A,L3,Targ2,4,Source,no,no,1
S12,L3_CG_A,L3,Targ17,6,Source,no,yes,0
S12,L3_CG_A,L3,Targ7,8,Match,yes,yes,1
S12,L3_CG_A,L3,Targ5,10,Source,no,yes,0
S12,L3_CG_A,L3,Targ15,11,Goal,no,no,1
S12,L3_CG_A,L3,Targ6,14,Goal,no,yes,0
S12,L3_CG_A,L3,Targ4,16,Match,yes,yes,1
S12,L3_CG_A,L3,Targ12,17,Goal,no,no,1
S12,L3_CG_A,L3,Targ8,19,Source,no,yes,0
S12,L3_CG_A,L3,Targ18,22,Goal,no,yes,0
S12,L3_CG_A,L3,Targ11,24,Source,no,yes,0
S12,L3_CG_A,L3,Targ14,26,Source,no,no,1
S12,L3_CG_A,L3,Targ16,28,Match,yes,no,0
S12,L3_CG_A,L3,Targ1,30,Match,yes,yes,1
S12,L3_CG_A,L3,Targ9,32,Goal,no,no,1
S12,L3_CG_A,L3,Targ3,33,Goal,no,yes,0
S12,L3_CG_A,L3,Targ10,35,Match,yes,yes,1
S13,L1_NCG_A,L1,Targ13,2,Source,no,no,1
S13,L1_NCG_A,L1,Targ2,4,Goal,no,no,1
S13,L1_NCG_A,L1,Targ17,6,Goal,no,yes,0
S13,L1_NCG_A,L1,Targ7,8,Source,no,no,1
S13,L1_NCG_A,L1,Targ5,10,Goal,no,no,1
S13,L1_NCG_A,L1,Targ15,11,Match,yes,yes,1
S13,L1_NCG_A,L1,Targ6,14,Match,yes,yes,1
S13,L1_NCG_A,L1,Targ4,16,Source,no,no,1
S13,L1_NCG_A,L1,Targ12,17,Match,yes,yes,1
S13,L1_NCG_A,L1,Targ8,19,Goal,no,no,1
S13,L1_NCG_A,L1,Targ18,22,Match,yes,yes,1
S13,L1_NCG_A,L1,Targ11,24,Goal,no,no,1
S13,L1_NCG_A,L1,Targ14,26,Goal,no,no,1
S13,L1_NCG_A,L1,Targ16,28,Source,no,no,1
S13,L1_NCG_A,L1,Targ1,30,Source,no,yes,0
S13,L1_NCG_A,L1,Targ9,32,Match,yes,yes,1
S13,L1_NCG_A,L1,Targ3,33,Match,yes,yes,1
S13,L1_NCG_A,L1,Targ10,35,Source,no,no,1
S14,L2_NCG_A,L2,Targ13,2,Goal,no,no,1
S14,L2_NCG_A,L2,Targ2,4,Match,yes,yes,1
S14,L2_NCG_A,L2,Targ17,6,Match,yes,yes,1
S14,L2_NCG_A,L2,Targ7,8,Goal,no,yes,0
S14,L2_NCG_A,L2,Targ5,10,Match,yes,yes,1
S14,L2_NCG_A,L2,Targ15,11,Source,no,no,1
S14,L2_NCG_A,L2,Targ6,14,Source,no,no,1
S14,L2_NCG_A,L2,Targ4,16,Goal,no,no,1
S14,L2_NCG_A,L2,Targ12,17,Source,no,no,1
S14,L2_NCG_A,L2,Targ8,19,Match,yes,yes,1
S14,L2_NCG_A,L2,Targ18,22,Source,no,yes,0
S14,L2_NCG_A,L2,Targ11,24,Match,yes,yes,1
S14,L2_NCG_A,L2,Targ14,26,Match,yes,yes,1
S14,L2_NCG_A,L2,Targ16,28,Goal,no,yes,0
S14,L2_NCG_A,L2,Targ1,30,Goal,no,yes,0
S14,L2_NCG_A,L2,Targ9,32,Source,no,no,1
S14,L2_NCG_A,L2,Targ3,33,Source,no,no,1
S14,L2_NCG_A,L2,Targ10,35,Goal,no,no,1
S15,L3_NCG_A,L3,Targ13,2,Match,yes,yes,1
S15,L3_NCG_A,L3,Targ2,4,Source,no,yes,0
S15,L3_NCG_A,L3,Targ17,6,Source,no,yes,0
S15,L3_NCG_A,L3,Targ7,8,Match,yes,yes,1
S15,L3_NCG_A,L3,Targ5,10,Source,no,yes,0
S15,L3_NCG_A,L3,Targ15,11,Goal,no,no,1
S15,L3_NCG_A,L3,Targ6,14,Goal,no,yes,0
S15,L3_NCG_A,L3,Targ4,16,Match,yes,yes,1
S15,L3_NCG_A,L3,Targ12,17,Goal,no,no,1
S15,L3_NCG_A,L3,Targ8,19,Source,no,yes,0
S15,L3_NCG_A,L3,Targ18,22,Goal,no,no,1
S15,L3_NCG_A,L3,Targ11,24,Source,no,no,1
S15,L3_NCG_A,L3,Targ14,26,Source,no,no,1
S15,L3_NCG_A,L3,Targ16,28,Match,yes,yes,1
S15,L3_NCG_A,L3,Targ1,30,Match,yes,yes,1
S15,L3_NCG_A,L3,Targ9,32,Goal,no,yes,0
S15,L3_NCG_A,L3,Targ3,33,Goal,no,no,1
S15,L3_NCG_A,L3,Targ10,35,Match,yes,yes,1
S16,L1_CG_A,L1,Targ13,2,Source,no,yes,0
S16,L1_CG_A,L1,Targ2,4,Goal,no,yes,0
S16,L1_CG_A,L1,Targ17,6,Goal,no,yes,0
S16,L1_CG_A,L1,Targ7,8,Source,no,yes,0
S16,L1_CG_A,L1,Targ5,10,Goal,no,yes,0
S16,L1_CG_A,L1,Targ15,11,Match,yes,no,0
S16,L1_CG_A,L1,Targ6,14,Match,yes,yes,1
S16,L1_CG_A,L1,Targ4,16,Source,no,yes,0
S16,L1_CG_A,L1,Targ12,17,Match,yes,no,0
S16,L1_CG_A,L1,Targ8,19,Goal,no,no,1
S16,L1_CG_A,L1,Targ18,22,Match,yes,no,0
S16,L1_CG_A,L1,Targ11,24,Goal,no,no,1
S16,L1_CG_A,L1,Targ14,26,Goal,no,no,1
S16,L1_CG_A,L1,Targ16,28,Source,no,no,1
S16,L1_CG_A,L1,Targ1,30,Source,no,no,1
S16,L1_CG_A,L1,Targ9,32,Match,yes,yes,1
S16,L1_CG_A,L1,Targ3,33,Match,yes,yes,1
S16,L1_CG_A,L1,Targ10,35,Source,no,no,1
S17,L2_CG_A,L2,Targ13,2,Goal,no,yes,0
S17,L2_CG_A,L2,Targ2,4,Match,yes,yes,1
S17,L2_CG_A,L2,Targ17,6,Match,yes,yes,1
S17,L2_CG_A,L2,Targ7,8,Goal,no,no,1
S17,L2_CG_A,L2,Targ5,10,Match,yes,yes,1
S17,L2_CG_A,L2,Targ15,11,Source,no,yes,0
S17,L2_CG_A,L2,Targ6,14,Source,no,yes,0
S17,L2_CG_A,L2,Targ4,16,Goal,no,no,1
S17,L2_CG_A,L2,Targ12,17,Source,no,yes,0
S17,L2_CG_A,L2,Targ8,19,Match,yes,yes,1
S17,L2_CG_A,L2,Targ18,22,Source,no,yes,0
S17,L2_CG_A,L2,Targ11,24,Match,yes,yes,1
S17,L2_CG_A,L2,Targ14,26,Match,yes,yes,1
S17,L2_CG_A,L2,Targ16,28,Goal,no,no,1
S17,L2_CG_A,L2,Targ1,30,Goal,no,yes,0
S17,L2_CG_A,L2,Targ9,32,Source,no,yes,0
S17,L2_CG_A,L2,Targ3,33,Source,no,no,1
S17,L2_CG_A,L2,Targ10,35,Goal,no,no,1
S18,L3_CG_A,L3,Targ13,2,Match,yes,yes,1
S18,L3_CG_A,L3,Targ2,4,Source,no,yes,0
S18,L3_CG_A,L3,Targ17,6,Source,no,yes,0
S18,L3_CG_A,L3,Targ7,8,Match,yes,yes,1
S18,L3_CG_A,L3,Targ5,10,Source,no,yes,0
S18,L3_CG_A,L3,Targ15,11,Goal,no,no,1
S18,L3_CG_A,L3,Targ6,14,Goal,no,no,1
S18,L3_CG_A,L3,Targ4,16,Match,yes,no,0
S18,L3_CG_A,L3,Targ12,17,Goal,no,no,1
S18,L3_CG_A,L3,Targ8,19,Source,no,yes,0
S18,L3_CG_A,L3,Targ18,22,Goal,no,yes,0
S18,L3_CG_A,L3,Targ11,24,Source,no,yes,0
S18,L3_CG_A,L3,Targ14,26,Source,no,yes,0
S18,L3_CG_A,L3,Targ16,28,Match,yes,no,0
S18,L3_CG_A,L3,Targ1,30,Match,yes,yes,1
S18,L3_CG_A,L3,Targ9,32,Goal,no,no,1
S18,L3_CG_A,L3,Targ3,33,Goal,no,no,1
S18,L3_CG_A,L3,Targ10,35,Match,yes,yes,1
S19,L1_NCG_A,L1,Targ13,2,Source,no,no,1
S19,L1_NCG_A,L1,Targ2,4,Goal,no,no,1
S19,L1_NCG_A,L1,Targ17,6,Goal,no,no,1
S19,L1_NCG_A,L1,Targ7,8,Source,no,no,1
S19,L1_NCG_A,L1,Targ5,10,Goal,no,no,1
S19,L1_NCG_A,L1,Targ15,11,Match,yes,yes,1
S19,L1_NCG_A,L1,Targ6,14,Match,yes,yes,1
S19,L1_NCG_A,L1,Targ4,16,Source,no,no,1
S19,L1_NCG_A,L1,Targ12,17,Match,yes,yes,1
S19,L1_NCG_A,L1,Targ8,19,Goal,no,no,1
S19,L1_NCG_A,L1,Targ18,22,Match,yes,yes,1
S19,L1_NCG_A,L1,Targ11,24,Goal,no,no,1
S19,L1_NCG_A,L1,Targ14,26,Goal,no,no,1
S19,L1_NCG_A,L1,Targ16,28,Source,no,no,1
S19,L1_NCG_A,L1,Targ1,30,Source,no,no,1
S19,L1_NCG_A,L1,Targ9,32,Match,yes,yes,1
S19,L1_NCG_A,L1,Targ3,33,Match,yes,yes,1
S19,L1_NCG_A,L1,Targ10,35,Source,no,no,1
S20,L2_NCG_A,L2,Targ13,2,Goal,no,no,1
S20,L2_NCG_A,L2,Targ2,4,Match,yes,yes,1
S20,L2_NCG_A,L2,Targ17,6,Match,yes,yes,1
S20,L2_NCG_A,L2,Targ7,8,Goal,no,no,1
S20,L2_NCG_A,L2,Targ5,10,Match,yes,yes,1
S20,L2_NCG_A,L2,Targ15,11,Source,no,no,1
S20,L2_NCG_A,L2,Targ6,14,Source,no,yes,0
S20,L2_NCG_A,L2,Targ4,16,Goal,no,no,1
S20,L2_NCG_A,L2,Targ12,17,Source,no,no,1
S20,L2_NCG_A,L2,Targ8,19,Match,yes,yes,1
S20,L2_NCG_A,L2,Targ18,22,Source,no,yes,0
S20,L2_NCG_A,L2,Targ11,24,Match,yes,yes,1
S20,L2_NCG_A,L2,Targ14,26,Match,yes,no,0
S20,L2_NCG_A,L2,Targ16,28,Goal,no,no,1
S20,L2_NCG_A,L2,Targ1,30,Goal,no,yes,0
S20,L2_NCG_A,L2,Targ9,32,Source,no,yes,0
S20,L2_NCG_A,L2,Targ3,33,Source,no,no,1
S20,L2_NCG_A,L2,Targ10,35,Goal,no,no,1
S21,L2_NCG_A,L2,Targ13,2,Goal,no,yes,0
S21,L2_NCG_A,L2,Targ2,4,Match,yes,yes,1
S21,L2_NCG_A,L2,Targ17,6,Match,yes,yes,1
S21,L2_NCG_A,L2,Targ7,8,Goal,no,yes,0
S21,L2_NCG_A,L2,Targ5,10,Match,yes,yes,1
S21,L2_NCG_A,L2,Targ15,11,Source,no,no,1
S21,L2_NCG_A,L2,Targ6,14,Source,no,yes,0
S21,L2_NCG_A,L2,Targ4,16,Goal,no,no,1
S21,L2_NCG_A,L2,Targ12,17,Source,no,no,1
S21,L2_NCG_A,L2,Targ8,19,Match,yes,yes,1
S21,L2_NCG_A,L2,Targ18,22,Source,no,yes,0
S21,L2_NCG_A,L2,Targ11,24,Match,yes,yes,1
S21,L2_NCG_A,L2,Targ14,26,Match,yes,no,0
S21,L2_NCG_A,L2,Targ16,28,Goal,no,yes,0
S21,L2_NCG_A,L2,Targ1,30,Goal,no,no,1
S21,L2_NCG_A,L2,Targ9,32,Source,no,yes,0
S21,L2_NCG_A,L2,Targ3,33,Source,no,no,1
S21,L2_NCG_A,L2,Targ10,35,Goal,no,no,1
S22,L3_NCG_A,L3,Targ13,2,Match,yes,yes,1
S22,L3_NCG_A,L3,Targ2,4,Source,no,no,1
S22,L3_NCG_A,L3,Targ17,6,Source,no,no,1
S22,L3_NCG_A,L3,Targ7,8,Match,yes,yes,1
S22,L3_NCG_A,L3,Targ5,10,Source,no,no,1
S22,L3_NCG_A,L3,Targ15,11,Goal,no,no,1
S22,L3_NCG_A,L3,Targ6,14,Goal,no,no,1
S22,L3_NCG_A,L3,Targ4,16,Match,yes,yes,1
S22,L3_NCG_A,L3,Targ12,17,Goal,no,no,1
S22,L3_NCG_A,L3,Targ8,19,Source,no,no,1
S22,L3_NCG_A,L3,Targ18,22,Goal,no,no,1
S22,L3_NCG_A,L3,Targ11,24,Source,no,no,1
S22,L3_NCG_A,L3,Targ14,26,Source,no,no,1
S22,L3_NCG_A,L3,Targ16,28,Match,yes,no,0
S22,L3_NCG_A,L3,Targ1,30,Match,yes,yes,1
S22,L3_NCG_A,L3,Targ9,32,Goal,no,yes,0
S22,L3_NCG_A,L3,Targ3,33,Goal,no,no,1
S22,L3_NCG_A,L3,Targ10,35,Match,yes,yes,1
S23,L1_CG_A,L1,Targ13,2,Source,no,no,1
S23,L1_CG_A,L1,Targ2,4,Goal,no,no,1
S23,L1_CG_A,L1,Targ17,6,Goal,no,no,1
S23,L1_CG_A,L1,Targ7,8,Source,no,no,1
S23,L1_CG_A,L1,Targ5,10,Goal,no,no,1
S23,L1_CG_A,L1,Targ15,11,Match,yes,yes,1
S23,L1_CG_A,L1,Targ6,14,Match,yes,yes,1
S23,L1_CG_A,L1,Targ4,16,Source,no,no,1
S23,L1_CG_A,L1,Targ12,17,Match,yes,yes,1
S23,L1_CG_A,L1,Targ8,19,Goal,no,no,1
S23,L1_CG_A,L1,Targ18,22,Match,yes,yes,1
S23,L1_CG_A,L1,Targ11,24,Goal,no,no,1
S23,L1_CG_A,L1,Targ14,26,Goal,no,no,1
S23,L1_CG_A,L1,Targ16,28,Source,no,yes,0
S23,L1_CG_A,L1,Targ1,30,Source,no,no,1
S23,L1_CG_A,L1,Targ9,32,Match,yes,yes,1
S23,L1_CG_A,L1,Targ3,33,Match,yes,no,0
S23,L1_CG_A,L1,Targ10,35,Source,no,no,1
S24,L2_CG_A,L2,Targ13,2,Goal,no,yes,0
S24,L2_CG_A,L2,Targ2,4,Match,yes,yes,1
S24,L2_CG_A,L2,Targ17,6,Match,yes,yes,1
S24,L2_CG_A,L2,Targ7,8,Goal,no,no,1
S24,L2_CG_A,L2,Targ5,10,Match,yes,yes,1
S24,L2_CG_A,L2,Targ15,11,Source,no,no,1
S24,L2_CG_A,L2,Targ6,14,Source,no,no,1
S24,L2_CG_A,L2,Targ4,16,Goal,no,no,1
S24,L2_CG_A,L2,Targ12,17,Source,no,no,1
S24,L2_CG_A,L2,Targ8,19,Match,yes,yes,1
S24,L2_CG_A,L2,Targ18,22,Source,no,yes,0
S24,L2_CG_A,L2,Targ11,24,Match,yes,yes,1
S24,L2_CG_A,L2,Targ14,26,Match,yes,yes,1
S24,L2_CG_A,L2,Targ16,28,Goal,no,no,1
S24,L2_CG_A,L2,Targ1,30,Goal,no,yes,0
S24,L2_CG_A,L2,Targ9,32,Source,no,no,1
S24,L2_CG_A,L2,Targ3,33,Source,no,yes,0
S24,L2_CG_A,L2,Targ10,35,Goal,no,no,1
S25,L3_CG_A,L3,Targ13,2,Match,yes,yes,1
S25,L3_CG_A,L3,Targ2,4,Source,no,yes,0
S25,L3_CG_A,L3,Targ17,6,Source,no,yes,0
S25,L3_CG_A,L3,Targ7,8,Match,yes,yes,1
S25,L3_CG_A,L3,Targ5,10,Source,no,yes,0
S25,L3_CG_A,L3,Targ15,11,Goal,no,no,1
S25,L3_CG_A,L3,Targ6,14,Goal,no,no,1
S25,L3_CG_A,L3,Targ4,16,Match,yes,yes,1
S25,L3_CG_A,L3,Targ12,17,Goal,no,no,1
S25,L3_CG_A,L3,Targ8,19,Source,no,yes,0
S25,L3_CG_A,L3,Targ18,22,Goal,no,no,1
S25,L3_CG_A,L3,Targ11,24,Source,no,no,1
S25,L3_CG_A,L3,Targ14,26,Source,no,no,1
S25,L3_CG_A,L3,Targ16,28,Match,yes,no,0
S25,L3_CG_A,L3,Targ1,30,Match,yes,yes,1
S25,L3_CG_A,L3,Targ9,32,Goal,no,yes,0
S25,L3_CG_A,L3,Targ3,33,Goal,no,yes,0
S25,L3_CG_A,L3,Targ10,35,Match,yes,yes,1
S26,L1_NCG_A,L1,Targ13,2,Source,no,yes,0
S26,L1_NCG_A,L1,Targ2,4,Goal,no,no,1
S26,L1_NCG_A,L1,Targ17,6,Goal,no,yes,0
S26,L1_NCG_A,L1,Targ7,8,Source,no,yes,0
S26,L1_NCG_A,L1,Targ5,10,Goal,no,no,1
S26,L1_NCG_A,L1,Targ15,11,Match,yes,yes,1
S26,L1_NCG_A,L1,Targ6,14,Match,yes,yes,1
S26,L1_NCG_A,L1,Targ4,16,Source,no,no,1
S26,L1_NCG_A,L1,Targ12,17,Match,yes,yes,1
S26,L1_NCG_A,L1,Targ8,19,Goal,no,no,1
S26,L1_NCG_A,L1,Targ18,22,Match,yes,yes,1
S26,L1_NCG_A,L1,Targ11,24,Goal,no,no,1
S26,L1_NCG_A,L1,Targ14,26,Goal,no,no,1
S26,L1_NCG_A,L1,Targ16,28,Source,no,yes,0
S26,L1_NCG_A,L1,Targ1,30,Source,no,no,1
S26,L1_NCG_A,L1,Targ9,32,Match,yes,yes,1
S26,L1_NCG_A,L1,Targ3,33,Match,yes,yes,1
S26,L1_NCG_A,L1,Targ10,35,Source,no,no,1
S27,L2_NCG_A,L2,Targ13,2,Goal,no,no,1
S27,L2_NCG_A,L2,Targ2,4,Match,yes,yes,1
S27,L2_NCG_A,L2,Targ17,6,Match,yes,yes,1
S27,L2_NCG_A,L2,Targ7,8,Goal,no,no,1
S27,L2_NCG_A,L2,Targ5,10,Match,yes,yes,1
S27,L2_NCG_A,L2,Targ15,11,Source,no,no,1
S27,L2_NCG_A,L2,Targ6,14,Source,no,no,1
S27,L2_NCG_A,L2,Targ4,16,Goal,no,no,1
S27,L2_NCG_A,L2,Targ12,17,Source,no,no,1
S27,L2_NCG_A,L2,Targ8,19,Match,yes,yes,1
S27,L2_NCG_A,L2,Targ18,22,Source,no,yes,0
S27,L2_NCG_A,L2,Targ11,24,Match,yes,yes,1
S27,L2_NCG_A,L2,Targ14,26,Match,yes,yes,1
S27,L2_NCG_A,L2,Targ16,28,Goal,no,yes,0
S27,L2_NCG_A,L2,Targ1,30,Goal,no,no,1
S27,L2_NCG_A,L2,Targ9,32,Source,no,yes,0
S27,L2_NCG_A,L2,Targ3,33,Source,no,no,1
S27,L2_NCG_A,L2,Targ10,35,Goal,no,no,1
S28,L3_NCG_A,L3,Targ13,2,Match,yes,yes,1
S28,L3_NCG_A,L3,Targ2,4,Source,no,yes,0
S28,L3_NCG_A,L3,Targ17,6,Source,no,no,1
S28,L3_NCG_A,L3,Targ7,8,Match,yes,yes,1
S28,L3_NCG_A,L3,Targ5,10,Source,no,no,1
S28,L3_NCG_A,L3,Targ15,11,Goal,no,no,1
S28,L3_NCG_A,L3,Targ6,14,Goal,no,no,1
S28,L3_NCG_A,L3,Targ4,16,Match,yes,yes,1
S28,L3_NCG_A,L3,Targ12,17,Goal,no,no,1
S28,L3_NCG_A,L3,Targ8,19,Source,no,no,1
S28,L3_NCG_A,L3,Targ18,22,Goal,no,no,1
S28,L3_NCG_A,L3,Targ11,24,Source,no,no,1
S28,L3_NCG_A,L3,Targ14,26,Source,no,no,1
S28,L3_NCG_A,L3,Targ16,28,Match,yes,no,0
S28,L3_NCG_A,L3,Targ1,30,Match,yes,yes,1
S28,L3_NCG_A,L3,Targ9,32,Goal,no,no,1
S28,L3_NCG_A,L3,Targ3,33,Goal,no,no,1
S28,L3_NCG_A,L3,Targ10,35,Match,yes,yes,1
S29,L1_CG_A,L1,Targ13,2,Source,no,yes,0
S29,L1_CG_A,L1,Targ2,4,Goal,no,yes,0
S29,L1_CG_A,L1,Targ17,6,Goal,no,yes,0
S29,L1_CG_A,L1,Targ7,8,Source,no,yes,0
S29,L1_CG_A,L1,Targ5,10,Goal,no,yes,0
S29,L1_CG_A,L1,Targ15,11,Match,yes,yes,1
S29,L1_CG_A,L1,Targ6,14,Match,yes,yes,1
S29,L1_CG_A,L1,Targ4,16,Source,no,yes,0
S29,L1_CG_A,L1,Targ12,17,Match,yes,yes,1
S29,L1_CG_A,L1,Targ8,19,Goal,no,yes,0
S29,L1_CG_A,L1,Targ18,22,Match,yes,yes,1
S29,L1_CG_A,L1,Targ11,24,Goal,no,no,1
S29,L1_CG_A,L1,Targ14,26,Goal,no,no,1
S29,L1_CG_A,L1,Targ16,28,Source,no,no,1
S29,L1_CG_A,L1,Targ1,30,Source,no,no,1
S29,L1_CG_A,L1,Targ9,32,Match,yes,yes,1
S29,L1_CG_A,L1,Targ3,33,Match,yes,no,0
S29,L1_CG_A,L1,Targ10,35,Source,no,yes,0
S30,L2_CG_A,L2,Targ13,2,Goal,no,no,1
S30,L2_CG_A,L2,Targ2,4,Match,yes,yes,1
S30,L2_CG_A,L2,Targ17,6,Match,yes,yes,1
S30,L2_CG_A,L2,Targ7,8,Goal,no,no,1
S30,L2_CG_A,L2,Targ5,10,Match,yes,no,0
S30,L2_CG_A,L2,Targ15,11,Source,no,no,1
S30,L2_CG_A,L2,Targ6,14,Source,no,yes,0
S30,L2_CG_A,L2,Targ4,16,Goal,no,no,1
S30,L2_CG_A,L2,Targ12,17,Source,no,no,1
S30,L2_CG_A,L2,Targ8,19,Match,yes,yes,1
S30,L2_CG_A,L2,Targ18,22,Source,no,yes,0
S30,L2_CG_A,L2,Targ11,24,Match,yes,yes,1
S30,L2_CG_A,L2,Targ14,26,Match,yes,no,0
S30,L2_CG_A,L2,Targ16,28,Goal,no,no,1
S30,L2_CG_A,L2,Targ1,30,Goal,no,no,1
S30,L2_CG_A,L2,Targ9,32,Source,no,yes,0
S30,L2_CG_A,L2,Targ3,33,Source,no,no,1
S30,L2_CG_A,L2,Targ10,35,Goal,no,no,1
S31,L3_CG_A,L3,Targ13,2,Match,yes,yes,1
S31,L3_CG_A,L3,Targ2,4,Source,no,no,1
S31,L3_CG_A,L3,Targ17,6,Source,no,yes,0
S31,L3_CG_A,L3,Targ7,8,Match,yes,yes,1
S31,L3_CG_A,L3,Targ5,10,Source,no,yes,0
S31,L3_CG_A,L3,Targ15,11,Goal,no,no,1
S31,L3_CG_A,L3,Targ6,14,Goal,no,no,1
S31,L3_CG_A,L3,Targ4,16,Match,yes,yes,1
S31,L3_CG_A,L3,Targ12,17,Goal,no,no,1
S31,L3_CG_A,L3,Targ8,19,Source,no,no,1
S31,L3_CG_A,L3,Targ18,22,Goal,no,no,1
S31,L3_CG_A,L3,Targ11,24,Source,no,no,1
S31,L3_CG_A,L3,Targ14,26,Source,no,no,1
S31,L3_CG_A,L3,Targ16,28,Match,yes,no,0
S31,L3_CG_A,L3,Targ1,30,Match,yes,yes,1
S31,L3_CG_A,L3,Targ9,32,Goal,no,yes,0
S31,L3_CG_A,L3,Targ3,33,Goal,no,no,1
S31,L3_CG_A,L3,Targ10,35,Match,yes,yes,1
S35,L1_NCG_A,L1,Targ13,2,Source,no,no,1
S35,L1_NCG_A,L1,Targ2,4,Goal,no,yes,0
S35,L1_NCG_A,L1,Targ17,6,Goal,no,no,1
S35,L1_NCG_A,L1,Targ7,8,Source,no,no,1
S35,L1_NCG_A,L1,Targ5,10,Goal,no,yes,0
S35,L1_NCG_A,L1,Targ15,11,Match,yes,no,0
S35,L1_NCG_A,L1,Targ6,14,Match,yes,yes,1
S35,L1_NCG_A,L1,Targ4,16,Source,no,yes,0
S35,L1_NCG_A,L1,Targ12,17,Match,yes,yes,1
S35,L1_NCG_A,L1,Targ8,19,Goal,no,no,1
S35,L1_NCG_A,L1,Targ18,22,Match,yes,yes,1
S35,L1_NCG_A,L1,Targ11,24,Goal,no,no,1
S35,L1_NCG_A,L1,Targ14,26,Goal,no,no,1
S35,L1_NCG_A,L1,Targ16,28,Source,no,no,1
S35,L1_NCG_A,L1,Targ1,30,Source,no,no,1
S35,L1_NCG_A,L1,Targ9,32,Match,yes,yes,1
S35,L1_NCG_A,L1,Targ3,33,Match,yes,yes,1
S35,L1_NCG_A,L1,Targ10,35,Source,no,no,1
S36,L2_NCG_A,L2,Targ13,2,Goal,no,no,1
S36,L2_NCG_A,L2,Targ2,4,Match,yes,yes,1
S36,L2_NCG_A,L2,Targ17,6,Match,yes,yes,1
S36,L2_NCG_A,L2,Targ7,8,Goal,no,yes,0
S36,L2_NCG_A,L2,Targ5,10,Match,yes,yes,1
S36,L2_NCG_A,L2,Targ15,11,Source,no,no,1
S36,L2_NCG_A,L2,Targ6,14,Source,no,yes,0
S36,L2_NCG_A,L2,Targ4,16,Goal,no,no,1
S36,L2_NCG_A,L2,Targ12,17,Source,no,no,1
S36,L2_NCG_A,L2,Targ8,19,Match,yes,yes,1
S36,L2_NCG_A,L2,Targ18,22,Source,no,yes,0
S36,L2_NCG_A,L2,Targ11,24,Match,yes,yes,1
S36,L2_NCG_A,L2,Targ14,26,Match,yes,yes,1
S36,L2_NCG_A,L2,Targ16,28,Goal,no,no,1
S36,L2_NCG_A,L2,Targ1,30,Goal,no,no,1
S36,L2_NCG_A,L2,Targ9,32,Source,no,yes,0
S36,L2_NCG_A,L2,Targ3,33,Source,no,no,1
S36,L2_NCG_A,L2,Targ10,35,Goal,no,no,1
S37,L3_NCG_A,L3,Targ13,2,Match,yes,yes,1
S37,L3_NCG_A,L3,Targ2,4,Source,no,yes,0
S37,L3_NCG_A,L3,Targ17,6,Source,no,yes,0
S37,L3_NCG_A,L3,Targ7,8,Match,yes,yes,1
S37,L3_NCG_A,L3,Targ5,10,Source,no,yes,0
S37,L3_NCG_A,L3,Targ15,11,Goal,no,no,1
S37,L3_NCG_A,L3,Targ6,14,Goal,no,no,1
S37,L3_NCG_A,L3,Targ4,16,Match,yes,no,0
S37,L3_NCG_A,L3,Targ12,17,Goal,no,no,1
S37,L3_NCG_A,L3,Targ8,19,Source,no,no,1
S37,L3_NCG_A,L3,Targ18,22,Goal,no,no,1
S37,L3_NCG_A,L3,Targ11,24,Source,no,no,1
S37,L3_NCG_A,L3,Targ14,26,Source,no,no,1
S37,L3_NCG_A,L3,Targ16,28,Match,yes,yes,1
S37,L3_NCG_A,L3,Targ1,30,Match,yes,no,0
S37,L3_NCG_A,L3,Targ9,32,Goal,no,yes,0
S37,L3_NCG_A,L3,Targ3,33,Goal,no,no,1
S37,L3_NCG_A,L3,Targ10,35,Match,yes,yes,1
S38,L1_CG_A,L1,Targ13,2,Source,no,no,1
S38,L1_CG_A,L1,Targ2,4,Goal,no,no,1
S38,L1_CG_A,L1,Targ17,6,Goal,no,no,1
S38,L1_CG_A,L1,Targ7,8,Source,no,no,1
S38,L1_CG_A,L1,Targ5,10,Goal,no,no,1
S38,L1_CG_A,L1,Targ15,11,Match,yes,yes,1
S38,L1_CG_A,L1,Targ6,14,Match,yes,yes,1
S38,L1_CG_A,L1,Targ4,16,Source,no,no,1
S38,L1_CG_A,L1,Targ12,17,Match,yes,yes,1
S38,L1_CG_A,L1,Targ8,19,Goal,no,no,1
S38,L1_CG_A,L1,Targ18,22,Match,yes,yes,1
S38,L1_CG_A,L1,Targ11,24,Goal,no,no,1
S38,L1_CG_A,L1,Targ14,26,Goal,no,no,1
S38,L1_CG_A,L1,Targ16,28,Source,no,no,1
S38,L1_CG_A,L1,Targ1,30,Source,no,no,1
S38,L1_CG_A,L1,Targ9,32,Match,yes,yes,1
S38,L1_CG_A,L1,Targ3,33,Match,yes,yes,1
S38,L1_CG_A,L1,Targ10,35,Source,no,no,1
S39,L2_CG_A,L2,Targ13,2,Goal,no,no,1
S39,L2_CG_A,L2,Targ2,4,Match,yes,yes,1
S39,L2_CG_A,L2,Targ17,6,Match,yes,yes,1
S39,L2_CG_A,L2,Targ7,8,Goal,no,yes,0
S39,L2_CG_A,L2,Targ5,10,Match,yes,yes,1
S39,L2_CG_A,L2,Targ15,11,Source,no,no,1
S39,L2_CG_A,L2,Targ6,14,Source,no,yes,0
S39,L2_CG_A,L2,Targ4,16,Goal,no,yes,0
S39,L2_CG_A,L2,Targ12,17,Source,no,yes,0
S39,L2_CG_A,L2,Targ8,19,Match,yes,yes,1
S39,L2_CG_A,L2,Targ18,22,Source,no,no,1
S39,L2_CG_A,L2,Targ11,24,Match,yes,yes,1
S39,L2_CG_A,L2,Targ14,26,Match,yes,yes,1
S39,L2_CG_A,L2,Targ16,28,Goal,no,yes,0
S39,L2_CG_A,L2,Targ1,30,Goal,no,no,1
S39,L2_CG_A,L2,Targ9,32,Source,no,yes,0
S39,L2_CG_A,L2,Targ3,33,Source,no,no,1
S39,L2_CG_A,L2,Targ10,35,Goal,no,no,1
S40,L3_CG_A,L3,Targ13,2,Match,yes,yes,1
S40,L3_CG_A,L3,Targ2,4,Source,no,yes,0
S40,L3_CG_A,L3,Targ17,6,Source,no,yes,0
S40,L3_CG_A,L3,Targ7,8,Match,yes,yes,1
S40,L3_CG_A,L3,Targ5,10,Source,no,yes,0
S40,L3_CG_A,L3,Targ15,11,Goal,no,no,1
S40,L3_CG_A,L3,Targ6,14,Goal,no,yes,0
S40,L3_CG_A,L3,Targ4,16,Match,yes,yes,1
S40,L3_CG_A,L3,Targ12,17,Goal,no,no,1
S40,L3_CG_A,L3,Targ8,19,Source,no,yes,0
S40,L3_CG_A,L3,Targ18,22,Goal,no,yes,0
S40,L3_CG_A,L3,Targ11,24,Source,no,no,1
S40,L3_CG_A,L3,Targ14,26,Source,no,no,1
S40,L3_CG_A,L3,Targ16,28,Match,yes,yes,1
S40,L3_CG_A,L3,Targ1,30,Match,yes,yes,1
S40,L3_CG_A,L3,Targ9,32,Goal,no,yes,0
S40,L3_CG_A,L3,Targ3,33,Goal,no,no,1
S40,L3_CG_A,L3,Targ10,35,Match,yes,yes,1
S41,L2_CG_A,L2,Targ13,2,Goal,no,no,1
S41,L2_CG_A,L2,Targ2,4,Match,yes,yes,1
S41,L2_CG_A,L2,Targ17,6,Match,yes,yes,1
S41,L2_CG_A,L2,Targ7,8,Goal,no,no,1
S41,L2_CG_A,L2,Targ5,10,Match,yes,yes,1
S41,L2_CG_A,L2,Targ15,11,Source,no,no,1
S41,L2_CG_A,L2,Targ6,14,Source,no,no,1
S41,L2_CG_A,L2,Targ4,16,Goal,no,no,1
S41,L2_CG_A,L2,Targ12,17,Source,no,no,1
S41,L2_CG_A,L2,Targ8,19,Match,yes,yes,1
S41,L2_CG_A,L2,Targ18,22,Source,no,yes,0
S41,L2_CG_A,L2,Targ11,24,Match,yes,yes,1
S41,L2_CG_A,L2,Targ14,26,Match,yes,yes,1
S41,L2_CG_A,L2,Targ16,28,Goal,no,no,1
S41,L2_CG_A,L2,Targ1,30,Goal,no,yes,0
S41,L2_CG_A,L2,Targ9,32,Source,no,no,1
S41,L2_CG_A,L2,Targ3,33,Source,no,no,1
S41,L2_CG_A,L2,Targ10,35,Goal,no,no,1
S43,L2_NCG_A,L2,Targ13,2,Goal,no,no,1
S43,L2_NCG_A,L2,Targ2,4,Match,yes,yes,1
S43,L2_NCG_A,L2,Targ17,6,Match,yes,yes,1
S43,L2_NCG_A,L2,Targ7,8,Goal,no,yes,0
S43,L2_NCG_A,L2,Targ5,10,Match,yes,yes,1
S43,L2_NCG_A,L2,Targ15,11,Source,no,no,1
S43,L2_NCG_A,L2,Targ6,14,Source,no,yes,0
S43,L2_NCG_A,L2,Targ4,16,Goal,no,no,1
S43,L2_NCG_A,L2,Targ12,17,Source,no,no,1
S43,L2_NCG_A,L2,Targ8,19,Match,yes,yes,1
S43,L2_NCG_A,L2,Targ18,22,Source,no,no,1
S43,L2_NCG_A,L2,Targ11,24,Match,yes,yes,1
S43,L2_NCG_A,L2,Targ14,26,Match,yes,yes,1
S43,L2_NCG_A,L2,Targ16,28,Goal,no,no,1
S43,L2_NCG_A,L2,Targ1,30,Goal,no,no,1
S43,L2_NCG_A,L2,Targ9,32,Source,no,no,1
S43,L2_NCG_A,L2,Targ3,33,Source,no,no,1
S43,L2_NCG_A,L2,Targ10,35,Goal,no,no,1
S44,L1_NCG_A,L1,Targ13,2,Source,no,yes,0
S44,L1_NCG_A,L1,Targ2,4,Goal,no,yes,0
S44,L1_NCG_A,L1,Targ17,6,Goal,no,no,1
S44,L1_NCG_A,L1,Targ7,8,Source,no,no,1
S44,L1_NCG_A,L1,Targ5,10,Goal,no,no,1
S44,L1_NCG_A,L1,Targ15,11,Match,yes,yes,1
S44,L1_NCG_A,L1,Targ6,14,Match,yes,yes,1
S44,L1_NCG_A,L1,Targ4,16,Source,no,yes,0
S44,L1_NCG_A,L1,Targ12,17,Match,yes,yes,1
S44,L1_NCG_A,L1,Targ8,19,Goal,no,no,1
S44,L1_NCG_A,L1,Targ18,22,Match,yes,no,0
S44,L1_NCG_A,L1,Targ11,24,Goal,no,no,1
S44,L1_NCG_A,L1,Targ14,26,Goal,no,no,1
S44,L1_NCG_A,L1,Targ16,28,Source,no,yes,0
S44,L1_NCG_A,L1,Targ1,30,Source,no,no,1
S44,L1_NCG_A,L1,Targ9,32,Match,yes,yes,1
S44,L1_NCG_A,L1,Targ3,33,Match,yes,no,0
S44,L1_NCG_A,L1,Targ10,35,Source,no,no,1
S45,L1_NCG_A,L1,Targ13,2,Source,no,no,1
S45,L1_NCG_A,L1,Targ2,4,Goal,no,no,1
S45,L1_NCG_A,L1,Targ17,6,Goal,no,no,1
S45,L1_NCG_A,L1,Targ7,8,Source,no,no,1
S45,L1_NCG_A,L1,Targ5,10,Goal,no,no,1
S45,L1_NCG_A,L1,Targ15,11,Match,yes,yes,1
S45,L1_NCG_A,L1,Targ6,14,Match,yes,yes,1
S45,L1_NCG_A,L1,Targ4,16,Source,no,no,1
S45,L1_NCG_A,L1,Targ12,17,Match,yes,yes,1
S45,L1_NCG_A,L1,Targ8,19,Goal,no,no,1
S45,L1_NCG_A,L1,Targ18,22,Match,yes,yes,1
S45,L1_NCG_A,L1,Targ11,24,Goal,no,no,1
S45,L1_NCG_A,L1,Targ14,26,Goal,no,no,1
S45,L1_NCG_A,L1,Targ16,28,Source,no,no,1
S45,L1_NCG_A,L1,Targ1,30,Source,no,no,1
S45,L1_NCG_A,L1,Targ9,32,Match,yes,yes,1
S45,L1_NCG_A,L1,Targ3,33,Match,yes,yes,1
S45,L1_NCG_A,L1,Targ10,35,Source,no,no,1
S46,L3_NCG_A,L3,Targ13,2,Match,yes,yes,1
S46,L3_NCG_A,L3,Targ2,4,Source,no,yes,0
S46,L3_NCG_A,L3,Targ17,6,Source,no,yes,0
S46,L3_NCG_A,L3,Targ7,8,Match,yes,yes,1
S46,L3_NCG_A,L3,Targ5,10,Source,no,no,1
S46,L3_NCG_A,L3,Targ15,11,Goal,no,no,1
S46,L3_NCG_A,L3,Targ6,14,Goal,no,no,1
S46,L3_NCG_A,L3,Targ4,16,Match,yes,yes,1
S46,L3_NCG_A,L3,Targ12,17,Goal,no,no,1
S46,L3_NCG_A,L3,Targ8,19,Source,no,no,1
S46,L3_NCG_A,L3,Targ18,22,Goal,no,no,1
S46,L3_NCG_A,L3,Targ11,24,Source,no,no,1
S46,L3_NCG_A,L3,Targ14,26,Source,no,no,1
S46,L3_NCG_A,L3,Targ16,28,Match,yes,yes,1
S46,L3_NCG_A,L3,Targ1,30,Match,yes,no,0
S46,L3_NCG_A,L3,Targ9,32,Goal,no,no,1
S46,L3_NCG_A,L3,Targ3,33,Goal,no,no,1
S46,L3_NCG_A,L3,Targ10,35,Match,yes,yes,1
S47,L2_CG_A,L2,Targ13,2,Goal,no,yes,0
S47,L2_CG_A,L2,Targ2,4,Match,yes,yes,1
S47,L2_CG_A,L2,Targ17,6,Match,yes,yes,1
S47,L2_CG_A,L2,Targ7,8,Goal,no,yes,0
S47,L2_CG_A,L2,Targ5,10,Match,yes,yes,1
S47,L2_CG_A,L2,Targ15,11,Source,no,no,1
S47,L2_CG_A,L2,Targ6,14,Source,no,yes,0
S47,L2_CG_A,L2,Targ4,16,Goal,no,no,1
S47,L2_CG_A,L2,Targ12,17,Source,no,no,1
S47,L2_CG_A,L2,Targ8,19,Match,yes,yes,1
S47,L2_CG_A,L2,Targ18,22,Source,no,yes,0
S47,L2_CG_A,L2,Targ11,24,Match,yes,no,0
S47,L2_CG_A,L2,Targ14,26,Match,yes,yes,1
S47,L2_CG_A,L2,Targ16,28,Goal,no,no,1
S47,L2_CG_A,L2,Targ1,30,Goal,no,no,1
S47,L2_CG_A,L2,Targ9,32,Source,no,no,1
S47,L2_CG_A,L2,Targ3,33,Source,no,yes,0
S47,L2_CG_A,L2,Targ10,35,Goal,no,no,1
S48,L3_CG_A,L3,Targ13,2,Match,yes,yes,1
S48,L3_CG_A,L3,Targ2,4,Source,no,yes,0
S48,L3_CG_A,L3,Targ17,6,Source,no,yes,0
S48,L3_CG_A,L3,Targ7,8,Match,yes,yes,1
S48,L3_CG_A,L3,Targ5,10,Source,no,yes,0
S48,L3_CG_A,L3,Targ15,11,Goal,no,no,1
S48,L3_CG_A,L3,Targ6,14,Goal,no,yes,0
S48,L3_CG_A,L3,Targ4,16,Match,yes,yes,1
S48,L3_CG_A,L3,Targ12,17,Goal,no,no,1
S48,L3_CG_A,L3,Targ8,19,Source,no,no,1
S48,L3_CG_A,L3,Targ18,22,Goal,no,no,1
S48,L3_CG_A,L3,Targ11,24,Source,no,yes,0
S48,L3_CG_A,L3,Targ14,26,Source,no,yes,0
S48,L3_CG_A,L3,Targ16,28,Match,yes,yes,1
S48,L3_CG_A,L3,Targ1,30,Match,yes,yes,1
S48,L3_CG_A,L3,Targ9,32,Goal,no,yes,0
S48,L3_CG_A,L3,Targ3,33,Goal,no,no,1
S48,L3_CG_A,L3,Targ10,35,Match,yes,yes,1
S49,L1_NCG_A,L1,Targ13,2,Source,no,yes,0
S49,L1_NCG_A,L1,Targ2,4,Goal,no,yes,0
S49,L1_NCG_A,L1,Targ17,6,Goal,no,yes,0
S49,L1_NCG_A,L1,Targ7,8,Source,no,yes,0
S49,L1_NCG_A,L1,Targ5,10,Goal,no,no,1
S49,L1_NCG_A,L1,Targ15,11,Match,yes,yes,1
S49,L1_NCG_A,L1,Targ6,14,Match,yes,yes,1
S49,L1_NCG_A,L1,Targ4,16,Source,no,no,1
S49,L1_NCG_A,L1,Targ12,17,Match,yes,yes,1
S49,L1_NCG_A,L1,Targ8,19,Goal,no,no,1
S49,L1_NCG_A,L1,Targ18,22,Match,yes,yes,1
S49,L1_NCG_A,L1,Targ11,24,Goal,no,no,1
S49,L1_NCG_A,L1,Targ14,26,Goal,no,no,1
S49,L1_NCG_A,L1,Targ16,28,Source,no,yes,0
S49,L1_NCG_A,L1,Targ1,30,Source,no,no,1
S49,L1_NCG_A,L1,Targ9,32,Match,yes,no,0
S49,L1_NCG_A,L1,Targ3,33,Match,yes,yes,1
S49,L1_NCG_A,L1,Targ10,35,Source,no,no,1
S50,L2_NCG_A,L2,Targ13,2,Goal,no,no,1
S50,L2_NCG_A,L2,Targ2,4,Match,yes,no,0
S50,L2_NCG_A,L2,Targ17,6,Match,yes,yes,1
S50,L2_NCG_A,L2,Targ7,8,Goal,no,no,1
S50,L2_NCG_A,L2,Targ5,10,Match,yes,yes,1
S50,L2_NCG_A,L2,Targ15,11,Source,no,no,1
S50,L2_NCG_A,L2,Targ6,14,Source,no,yes,0
S50,L2_NCG_A,L2,Targ4,16,Goal,no,no,1
S50,L2_NCG_A,L2,Targ12,17,Source,no,no,1
S50,L2_NCG_A,L2,Targ8,19,Match,yes,yes,1
S50,L2_NCG_A,L2,Targ18,22,Source,no,yes,0
S50,L2_NCG_A,L2,Targ11,24,Match,yes,yes,1
S50,L2_NCG_A,L2,Targ14,26,Match,yes,yes,1
S50,L2_NCG_A,L2,Targ16,28,Goal,no,yes,0
S50,L2_NCG_A,L2,Targ1,30,Goal,no,no,1
S50,L2_NCG_A,L2,Targ9,32,Source,no,no,1
S50,L2_NCG_A,L2,Targ3,33,Source,no,no,1
S50,L2_NCG_A,L2,Targ10,35,Goal,no,no,1
S51,L3_NCG_A,L3,Targ13,2,Match,yes,yes,1
S51,L3_NCG_A,L3,Targ2,4,Source,no,yes,0
S51,L3_NCG_A,L3,Targ17,6,Source,no,yes,0
S51,L3_NCG_A,L3,Targ7,8,Match,yes,no,0
S51,L3_NCG_A,L3,Targ5,10,Source,no,yes,0
S51,L3_NCG_A,L3,Targ15,11,Goal,no,no,1
S51,L3_NCG_A,L3,Targ6,14,Goal,no,yes,0
S51,L3_NCG_A,L3,Targ4,16,Match,yes,yes,1
S51,L3_NCG_A,L3,Targ12,17,Goal,no,no,1
S51,L3_NCG_A,L3,Targ8,19,Source,no,no,1
S51,L3_NCG_A,L3,Targ18,22,Goal,no,yes,0
S51,L3_NCG_A,L3,Targ11,24,Source,no,no,1
S51,L3_NCG_A,L3,Targ14,26,Source,no,no,1
S51,L3_NCG_A,L3,Targ16,28,Match,yes,yes,1
S51,L3_NCG_A,L3,Targ1,30,Match,yes,yes,1
S51,L3_NCG_A,L3,Targ9,32,Goal,no,yes,0
S51,L3_NCG_A,L3,Targ3,33,Goal,no,no,1
S51,L3_NCG_A,L3,Targ10,35,Match,yes,yes,1
S52,L1_CG_A,L1,Targ13,2,Source,no,yes,0
S52,L1_CG_A,L1,Targ2,4,Goal,no,yes,0
S52,L1_CG_A,L1,Targ17,6,Goal,no,yes,0
S52,L1_CG_A,L1,Targ7,8,Source,no,yes,0
S52,L1_CG_A,L1,Targ5,10,Goal,no,no,1
S52,L1_CG_A,L1,Targ15,11,Match,yes,yes,1
S52,L1_CG_A,L1,Targ6,14,Match,yes,yes,1
S52,L1_CG_A,L1,Targ4,16,Source,no,no,1
S52,L1_CG_A,L1,Targ12,17,Match,yes,yes,1
S52,L1_CG_A,L1,Targ8,19,Goal,no,no,1
S52,L1_CG_A,L1,Targ18,22,Match,yes,yes,1
S52,L1_CG_A,L1,Targ11,24,Goal,no,no,1
S52,L1_CG_A,L1,Targ14,26,Goal,no,no,1
S52,L1_CG_A,L1,Targ16,28,Source,no,no,1
S52,L1_CG_A,L1,Targ1,30,Source,no,yes,0
S52,L1_CG_A,L1,Targ9,32,Match,yes,yes,1
S52,L1_CG_A,L1,Targ3,33,Match,yes,yes,1
S52,L1_CG_A,L1,Targ10,35,Source,no,yes,0
S53,L2_CG_A,L2,Targ13,2,Goal,no,yes,0
S53,L2_CG_A,L2,Targ2,4,Match,yes,yes,1
S53,L2_CG_A,L2,Targ17,6,Match,yes,yes,1
S53,L2_CG_A,L2,Targ7,8,Goal,no,no,1
S53,L2_CG_A,L2,Targ5,10,Match,yes,yes,1
S53,L2_CG_A,L2,Targ15,11,Source,no,no,1
S53,L2_CG_A,L2,Targ6,14,Source,no,yes,0
S53,L2_CG_A,L2,Targ4,16,Goal,no,no,1
S53,L2_CG_A,L2,Targ12,17,Source,no,no,1
S53,L2_CG_A,L2,Targ8,19,Match,yes,yes,1
S53,L2_CG_A,L2,Targ18,22,Source,no,no,1
S53,L2_CG_A,L2,Targ11,24,Match,yes,yes,1
S53,L2_CG_A,L2,Targ14,26,Match,yes,yes,1
S53,L2_CG_A,L2,Targ16,28,Goal,no,no,1
S53,L2_CG_A,L2,Targ1,30,Goal,no,no,1
S53,L2_CG_A,L2,Targ9,32,Source,no,no,1
S53,L2_CG_A,L2,Targ3,33,Source,no,no,1
S53,L2_CG_A,L2,Targ10,35,Goal,no,no,1
S54,L3_CG_A,L3,Targ13,2,Match,yes,yes,1
S54,L3_CG_A,L3,Targ2,4,Source,no,no,1
S54,L3_CG_A,L3,Targ17,6,Source,no,no,1
S54,L3_CG_A,L3,Targ7,8,Match,yes,yes,1
S54,L3_CG_A,L3,Targ5,10,Source,no,no,1
S54,L3_CG_A,L3,Targ15,11,Goal,no,no,1
S54,L3_CG_A,L3,Targ6,14,Goal,no,no,1
S54,L3_CG_A,L3,Targ4,16,Match,yes,yes,1
S54,L3_CG_A,L3,Targ12,17,Goal,no,no,1
S54,L3_CG_A,L3,Targ8,19,Source,no,yes,0
S54,L3_CG_A,L3,Targ18,22,Goal,no,yes,0
S54,L3_CG_A,L3,Targ11,24,Source,no,no,1
S54,L3_CG_A,L3,Targ14,26,Source,no,no,1
S54,L3_CG_A,L3,Targ16,28,Match,yes,yes,1
S54,L3_CG_A,L3,Targ1,30,Match,yes,yes,1
S54,L3_CG_A,L3,Targ9,32,Goal,no,yes,0
S54,L3_CG_A,L3,Targ3,33,Goal,no,yes,0
S54,L3_CG_A,L3,Targ10,35,Match,yes,yes,1
S55,L1_CG_A,L1,Targ13,2,Source,no,yes,0
S55,L1_CG_A,L1,Targ2,4,Goal,no,yes,0
S55,L1_CG_A,L1,Targ17,6,Goal,no,yes,0
S55,L1_CG_A,L1,Targ7,8,Source,no,yes,0
S55,L1_CG_A,L1,Targ5,10,Goal,no,yes,0
S55,L1_CG_A,L1,Targ15,11,Match,yes,yes,1
S55,L1_CG_A,L1,Targ6,14,Match,yes,yes,1
S55,L1_CG_A,L1,Targ4,16,Source,no,yes,0
S55,L1_CG_A,L1,Targ12,17,Match,yes,yes,1
S55,L1_CG_A,L1,Targ8,19,Goal,no,yes,0
S55,L1_CG_A,L1,Targ18,22,Match,yes,yes,1
S55,L1_CG_A,L1,Targ11,24,Goal,no,no,1
S55,L1_CG_A,L1,Targ14,26,Goal,no,no,1
S55,L1_CG_A,L1,Targ16,28,Source,no,no,1
S55,L1_CG_A,L1,Targ1,30,Source,no,no,1
S55,L1_CG_A,L1,Targ9,32,Match,yes,no,0
S55,L1_CG_A,L1,Targ3,33,Match,yes,yes,1
S55,L1_CG_A,L1,Targ10,35,Source,no,no,1
S56,L2_NCG_A,L2,Targ13,2,Goal,no,no,1
S56,L2_NCG_A,L2,Targ2,4,Match,yes,yes,1
S56,L2_NCG_A,L2,Targ17,6,Match,yes,yes,1
S56,L2_NCG_A,L2,Targ7,8,Goal,no,no,1
S56,L2_NCG_A,L2,Targ5,10,Match,yes,yes,1
S56,L2_NCG_A,L2,Targ15,11,Source,no,no,1
S56,L2_NCG_A,L2,Targ6,14,Source,no,no,1
S56,L2_NCG_A,L2,Targ4,16,Goal,no,no,1
S56,L2_NCG_A,L2,Targ12,17,Source,no,no,1
S56,L2_NCG_A,L2,Targ8,19,Match,yes,yes,1
S56,L2_NCG_A,L2,Targ18,22,Source,no,no,1
S56,L2_NCG_A,L2,Targ11,24,Match,yes,yes,1
S56,L2_NCG_A,L2,Targ14,26,Match,yes,no,0
S56,L2_NCG_A,L2,Targ16,28,Goal,no,no,1
S56,L2_NCG_A,L2,Targ1,30,Goal,no,no,1
S56,L2_NCG_A,L2,Targ9,32,Source,no,yes,0
S56,L2_NCG_A,L2,Targ3,33,Source,no,no,1
S56,L2_NCG_A,L2,Targ10,35,Goal,no,no,1
S57,L3_NCG_A,L3,Targ13,2,Match,yes,yes,1
S57,L3_NCG_A,L3,Targ2,4,Source,no,yes,0
S57,L3_NCG_A,L3,Targ17,6,Source,no,yes,0
S57,L3_NCG_A,L3,Targ7,8,Match,yes,yes,1
S57,L3_NCG_A,L3,Targ5,10,Source,no,no,1
S57,L3_NCG_A,L3,Targ15,11,Goal,no,no,1
S57,L3_NCG_A,L3,Targ6,14,Goal,no,yes,0
S57,L3_NCG_A,L3,Targ4,16,Match,yes,yes,1
S57,L3_NCG_A,L3,Targ12,17,Goal,no,no,1
S57,L3_NCG_A,L3,Targ8,19,Source,no,no,1
S57,L3_NCG_A,L3,Targ18,22,Goal,no,no,1
S57,L3_NCG_A,L3,Targ11,24,Source,no,no,1
S57,L3_NCG_A,L3,Targ14,26,Source,no,no,1
S57,L3_NCG_A,L3,Targ16,28,Match,yes,yes,1
S57,L3_NCG_A,L3,Targ1,30,Match,yes,yes,1
S57,L3_NCG_A,L3,Targ9,32,Goal,no,no,1
S57,L3_NCG_A,L3,Targ3,33,Goal,no,yes,0
S57,L3_NCG_A,L3,Targ10,35,Match,yes,yes,1
S58,L1_CG_A,L1,Targ13,2,Source,no,no,1
S58,L1_CG_A,L1,Targ2,4,Goal,no,no,1
S58,L1_CG_A,L1,Targ17,6,Goal,no,no,1
S58,L1_CG_A,L1,Targ7,8,Source,no,no,1
S58,L1_CG_A,L1,Targ5,10,Goal,no,yes,0
S58,L1_CG_A,L1,Targ15,11,Match,yes,yes,1
S58,L1_CG_A,L1,Targ6,14,Match,yes,yes,1
S58,L1_CG_A,L1,Targ4,16,Source,no,yes,0
S58,L1_CG_A,L1,Targ12,17,Match,yes,yes,1
S58,L1_CG_A,L1,Targ8,19,Goal,no,no,1
S58,L1_CG_A,L1,Targ18,22,Match,yes,yes,1
S58,L1_CG_A,L1,Targ11,24,Goal,no,no,1
S58,L1_CG_A,L1,Targ14,26,Goal,no,no,1
S58,L1_CG_A,L1,Targ16,28,Source,no,no,1
S58,L1_CG_A,L1,Targ1,30,Source,no,yes,0
S58,L1_CG_A,L1,Targ9,32,Match,yes,yes,1
S58,L1_CG_A,L1,Targ3,33,Match,yes,yes,1
S58,L1_CG_A,L1,Targ10,35,Source,no,no,1
S59,L2_CG_A,L2,Targ13,2,Goal,no,yes,0
S59,L2_CG_A,L2,Targ2,4,Match,yes,yes,1
S59,L2_CG_A,L2,Targ17,6,Match,yes,yes,1
S59,L2_CG_A,L2,Targ7,8,Goal,no,no,1
S59,L2_CG_A,L2,Targ5,10,Match,yes,no,0
S59,L2_CG_A,L2,Targ15,11,Source,no,no,1
S59,L2_CG_A,L2,Targ6,14,Source,no,no,1
S59,L2_CG_A,L2,Targ4,16,Goal,no,no,1
S59,L2_CG_A,L2,Targ12,17,Source,no,no,1
S59,L2_CG_A,L2,Targ8,19,Match,yes,yes,1
S59,L2_CG_A,L2,Targ18,22,Source,no,no,1
S59,L2_CG_A,L2,Targ11,24,Match,yes,yes,1
S59,L2_CG_A,L2,Targ14,26,Match,yes,yes,1
S59,L2_CG_A,L2,Targ16,28,Goal,no,no,1
S59,L2_CG_A,L2,Targ1,30,Goal,no,no,1
S59,L2_CG_A,L2,Targ9,32,Source,no,no,1
S59,L2_CG_A,L2,Targ3,33,Source,no,no,1
S59,L2_CG_A,L2,Targ10,35,Goal,no,no,1
S60,L3_CG_A,L3,Targ13,2,Match,yes,yes,1
S60,L3_CG_A,L3,Targ2,4,Source,no,yes,0
S60,L3_CG_A,L3,Targ17,6,Source,no,yes,0
S60,L3_CG_A,L3,Targ7,8,Match,yes,yes,1
S60,L3_CG_A,L3,Targ5,10,Source,no,yes,0
S60,L3_CG_A,L3,Targ15,11,Goal,no,no,1
S60,L3_CG_A,L3,Targ6,14,Goal,no,no,1
S60,L3_CG_A,L3,Targ4,16,Match,yes,yes,1
S60,L3_CG_A,L3,Targ12,17,Goal,no,no,1
S60,L3_CG_A,L3,Targ8,19,Source,no,no,1
S60,L3_CG_A,L3,Targ18,22,Goal,no,yes,0
S60,L3_CG_A,L3,Targ11,24,Source,no,no,1
S60,L3_CG_A,L3,Targ14,26,Source,no,no,1
S60,L3_CG_A,L3,Targ16,28,Match,yes,no,0
S60,L3_CG_A,L3,Targ1,30,Match,yes,yes,1
S60,L3_CG_A,L3,Targ9,32,Goal,no,no,1
S60,L3_CG_A,L3,Targ3,33,Goal,no,no,1
S60,L3_CG_A,L3,Targ10,35,Match,yes,yes,1
s32,L1_NCG_P,L1,Targ13,2,Source,no,yes,0
s32,L1_NCG_P,L1,Targ2,4,Goal,no,yes,0
s32,L1_NCG_P,L1,Targ17,6,Goal,no,yes,0
s32,L1_NCG_P,L1,Targ7,8,Source,no,yes,0
s32,L1_NCG_P,L1,Targ5,10,Goal,no,no,1
s32,L1_NCG_P,L1,Targ15,11,Match,yes,yes,1
s32,L1_NCG_P,L1,Targ6,14,Match,yes,yes,1
s32,L1_NCG_P,L1,Targ4,16,Source,no,yes,0
s32,L1_NCG_P,L1,Targ12,17,Match,yes,yes,1
s32,L1_NCG_P,L1,Targ8,19,Goal,no,yes,0
s32,L1_NCG_P,L1,Targ18,22,Match,yes,yes,1
s32,L1_NCG_P,L1,Targ11,24,Goal,no,no,1
s32,L1_NCG_P,L1,Targ14,26,Goal,no,no,1
s32,L1_NCG_P,L1,Targ16,28,Source,no,yes,0
s32,L1_NCG_P,L1,Targ1,30,Source,no,yes,0
s32,L1_NCG_P,L1,Targ9,32,Match,yes,yes,1
s32,L1_NCG_P,L1,Targ3,33,Match,yes,yes,1
s32,L1_NCG_P,L1,Targ10,35,Source,no,no,1
s33,L2_NCG_P,L2,Targ13,2,Goal,no,no,1
s33,L2_NCG_P,L2,Targ2,4,Match,yes,yes,1
s33,L2_NCG_P,L2,Targ17,6,Match,yes,no,0
s33,L2_NCG_P,L2,Targ7,8,Goal,no,yes,0
s33,L2_NCG_P,L2,Targ5,10,Match,yes,no,0
s33,L2_NCG_P,L2,Targ15,11,Source,no,no,1
s33,L2_NCG_P,L2,Targ6,14,Source,no,no,1
s33,L2_NCG_P,L2,Targ4,16,Goal,no,no,1
s33,L2_NCG_P,L2,Targ12,17,Source,no,no,1
s33,L2_NCG_P,L2,Targ8,19,Match,yes,yes,1
s33,L2_NCG_P,L2,Targ18,22,Source,no,yes,0
s33,L2_NCG_P,L2,Targ11,24,Match,yes,yes,1
s33,L2_NCG_P,L2,Targ14,26,Match,yes,yes,1
s33,L2_NCG_P,L2,Targ16,28,Goal,no,no,1
s33,L2_NCG_P,L2,Targ1,30,Goal,no,no,1
s33,L2_NCG_P,L2,Targ9,32,Source,no,yes,0
s33,L2_NCG_P,L2,Targ3,33,Source,no,no,1
s33,L2_NCG_P,L2,Targ10,35,Goal,no,no,1
s34,L3_NCG_P,L3,Targ13,2,Match,yes,yes,1
s34,L3_NCG_P,L3,Targ2,4,Source,no,yes,0
s34,L3_NCG_P,L3,Targ17,6,Source,no,yes,0
s34,L3_NCG_P,L3,Targ7,8,Match,yes,yes,1
s34,L3_NCG_P,L3,Targ5,10,Source,no,no,1
s34,L3_NCG_P,L3,Targ15,11,Goal,no,no,1
s34,L3_NCG_P,L3,Targ6,14,Goal,no,no,1
s34,L3_NCG_P,L3,Targ4,16,Match,yes,yes,1
s34,L3_NCG_P,L3,Targ12,17,Goal,no,no,1
s34,L3_NCG_P,L3,Targ8,19,Source,no,no,1
s34,L3_NCG_P,L3,Targ18,22,Goal,no,no,1
s34,L3_NCG_P,L3,Targ11,24,Source,no,no,1
s34,L3_NCG_P,L3,Targ14,26,Source,no,no,1
s34,L3_NCG_P,L3,Targ16,28,Match,yes,yes,1
s34,L3_NCG_P,L3,Targ1,30,Match,yes,yes,1
s34,L3_NCG_P,L3,Targ9,32,Goal,no,no,1
s34,L3_NCG_P,L3,Targ3,33,Goal,no,no,1
s34,L3_NCG_P,L3,Targ10,35,Match,yes,yes,1
s42,L1_NCG_P,L1,Targ13,2,Source,no,no,1
s42,L1_NCG_P,L1,Targ2,4,Goal,no,yes,0
s42,L1_NCG_P,L1,Targ17,6,Goal,no,no,1
s42,L1_NCG_P,L1,Targ7,8,Source,no,yes,0
s42,L1_NCG_P,L1,Targ5,10,Goal,no,yes,0
s42,L1_NCG_P,L1,Targ15,11,Match,yes,yes,1
s42,L1_NCG_P,L1,Targ6,14,Match,yes,yes,1
s42,L1_NCG_P,L1,Targ4,16,Source,no,no,1
s42,L1_NCG_P,L1,Targ12,17,Match,yes,yes,1
s42,L1_NCG_P,L1,Targ8,19,Goal,no,no,1
s42,L1_NCG_P,L1,Targ18,22,Match,yes,yes,1
s42,L1_NCG_P,L1,Targ11,24,Goal,no,no,1
s42,L1_NCG_P,L1,Targ14,26,Goal,no,no,1
s42,L1_NCG_P,L1,Targ16,28,Source,no,yes,0
s42,L1_NCG_P,L1,Targ1,30,Source,no,no,1
s42,L1_NCG_P,L1,Targ9,32,Match,yes,yes,1
s42,L1_NCG_P,L1,Targ3,33,Match,yes,yes,1
s42,L1_NCG_P,L1,Targ10,35,Source,no,no,1
,,,,,,,,
,,,,,,,,
,,,,,,,,
,,,,,,,,
,,,,,,,,
,,,,,,,,
,,,,,,,,
,,,,,,,,
,,,,,,,,
,,,,,,,,
,,,,,,,,
,,,,,,,,
,,,,,,,,
,,,,,,,,
,,,,,,,,
,,,,,,,,
,,,,,,,,
,,,,,,,,
,,,,,,,,
,,,,,,,,
,,,,,,,,
,,,,,,,,
,,,,,,,,
,,,,,,,,
,,,,,,,,
,,,,,,,,
,,,,,,,,
,,,,,,,,
,,,,,,,,
,,,,,,,,
,,,,,,,,
,,,,,,,,
,,,,,,,,
,,,,,,,,
,,,,,,,,
,,,,,,,,
,,,,,,,,
,,,,,,,,
,,,,,,,,
,,,,,,,,
,,,,,,,,
,,,,,,,,
,,,,,,,,
,,,,,,,,
,,,,,,,,
,,,,,,,,
,,,,,,,,
,,,,,,,,
,,,,,,,,
,,,,,,,,
,,,,,,,,
,,,,,,,,
,,,,,,,,
,,,,,,,,
,,,,,,,,
,,,,,,,,
,,,,,,,,
,,,,,,,,
,,,,,,,,
,,,,,,,,
,,,,,,,,
,,,,,,,,
,,,,,,,,
,,,,,,,,
,,,,,,,,
,,,,,,,,
,,,,,,,,
,,,,,,,,
,,,,,,,,
,,,,,,,,
,,,,,,,,
,,,,,,,,
,,,,,,,,
,,,,,,,,
,,,,,,,,
,,,,,,,,
,,,,,,,,
,,,,,,,,
,,,,,,,,
,,,,,,,,
,,,,,,,,
,,,,,,,,
,,,,,,,,
,,,,,,,,
,,,,,,,,
,,,,,,,,
,,,,,,,,
,,,,,,,,
,,,,,,,,
,,,,,,,,
,,,,,,,,
,,,,,,,,
,,,,,,,,
,,,,,,,,
,,,,,,,,
,,,,,,,,
,,,,,,,,
,,,,,,,,
,,,,,,,,
,,,,,,,,
,,,,,,,,
,,,,,,,,
,,,,,,,,
,,,,,,,,
,,,,,,,,
,,,,,,,,
,,,,,,,,
,,,,,,,,
,,,,,,,,
,,,,,,,,
,,,,,,,,
,,,,,,,,
,,,,,,,,
,,,,,,,,
,,,,,,,,
,,,,,,,,
,,,,,,,,
,,,,,,,,
,,,,,,,,
,,,,,,,,
,,,,,,,,
,,,,,,,,
,,,,,,,,
,,,,,,,,
,,,,,,,,
,,,,,,,,
,,,,,,,,
,,,,,,,,
,,,,,,,,
,,,,,,,,
,,,,,,,,
,,,,,,,,
,,,,,,,,
,,,,,,,,
,,,,,,,,
,,,,,,,,
,,,,,,,,
,,,,,,,,
,,,,,,,,
,,,,,,,,
,,,,,,,,
,,,,,,,,
,,,,,,,,
,,,,,,,,
,,,,,,,,
,,,,,,,,
,,,,,,,,
,,,,,,,,
,,,,,,,,
,,,,,,,,
,,,,,,,,
,,,,,,,,
,,,,,,,,
,,,,,,,,
,,,,,,,,
,,,,,,,,
,,,,,,,,
,,,,,,,,
,,,,,,,,
,,,,,,,,
,,,,,,,,
,,,,,,,,
,,,,,,,,
,,,,,,,,
,,,,,,,,
,,,,,,,,
,,,,,,,,
,,,,,,,,
,,,,,,,,
,,,,,,,,
,,,,,,,,
,,,,,,,,
,,,,,,,,
,,,,,,,,
,,,,,,,,
,,,,,,,,
,,,,,,,,
,,,,,,,,
,,,,,,,,
,,,,,,,,
,,,,,,,,
,,,,,,,,
,,,,,,,,
,,,,,,,,
,,,,,,,,
,,,,,,,,
,,,,,,,,
,,,,,,,,
,,,,,,,,
,,,,,,,,
,,,,,,,,
,,,,,,,,
,,,,,,,,
,,,,,,,,
,,,,,,,,
,,,,,,,,
,,,,,,,,
,,,,,,,,
,,,,,,,,
,,,,,,,,
,,,,,,,,
,,,,,,,,
,,,,,,,,
,,,,,,,,
,,,,,,,,
,,,,,,,,
,,,,,,,,
,,,,,,,,
,,,,,,,,
,,,,,,,,
,,,,,,,,
,,,,,,,,
,,,,,,,,
,,,,,,,,
,,,,,,,,
,,,,,,,,
,,,,,,,,
,,,,,,,,
,,,,,,,,
,,,,,,,,
,,,,,,,,
,,,,,,,,
,,,,,,,,
,,,,,,,,
,,,,,,,,
,,,,,,,,
,,,,,,,,
,,,,,,,,
,,,,,,,,
,,,,,,,,
,,,,,,,,
,,,,,,,,
,,,,,,,,
,,,,,,,,
,,,,,,,,
,,,,,,,,
,,,,,,,,
,,,,,,,,
,,,,,,,,
,,,,,,,,
,,,,,,,,
,,,,,,,,
,,,,,,,,
,,,,,,,,
,,,,,,,,
,,,,,,,,
,,,,,,,,
,,,,,,,,
,,,,,,,,
,,,,,,,,
,,,,,,,,
,,,,,,,,
,,,,,,,,
,,,,,,,,
,,,,,,,,
,,,,,,,,
,,,,,,,,
,,,,,,,,
,,,,,,,,
,,,,,,,,
,,,,,,,,
,,,,,,,,
,,,,,,,,
,,,,,,,,
,,,,,,,,
,,,,,,,,
,,,,,,,,
,,,,,,,,
,,,,,,,,
,,,,,,,,
,,,,,,,,
,,,,,,,,
,,,,,,,,
,,,,,,,,
,,,,,,,,
,,,,,,,,
,,,,,,,,
,,,,,,,,
,,,,,,,,
,,,,,,,,
,,,,,,,,
,,,,,,,,
,,,,,,,,
,,,,,,,,
,,,,,,,,
,,,,,,,,
,,,,,,,,
,,,,,,,,
,,,,,,,,
,,,,,,,,
,,,,,,,,
,,,,,,,,
,,,,,,,,
,,,,,,,,
,,,,,,,,
,,,,,,,,
,,,,,,,,
,,,,,,,,
,,,,,,,,
,,,,,,,,
,,,,,,,,
,,,,,,,,
,,,,,,,,
,,,,,,,,
,,,,,,,,
,,,,,,,,
,,,,,,,,
,,,,,,,,
,,,,,,,,
,,,,,,,,
,,,,,,,,
,,,,,,,,
,,,,,,,,
,,,,,,,,
,,,,,,,,
,,,,,,,,
,,,,,,,,
,,,,,,,,
,,,,,,,,
,,,,,,,,
,,,,,,,,
,,,,,,,,
,,,,,,,,
,,,,,,,,
,,,,,,,,
,,,,,,,,
,,,,,,,,
,,,,,,,,
,,,,,,,,
,,,,,,,,
,,,,,,,,
,,,,,,,,
,,,,,,,,
,,,,,,,,
,,,,,,,,
,,,,,,,,
,,,,,,,,
,,,,,,,,
,,,,,,,,
,,,,,,,,
,,,,,,,,
,,,,,,,,
,,,,,,,,
,,,,,,,,
,,,,,,,,
,,,,,,,,
,,,,,,,,
,,,,,,,,
,,,,,,,,
,,,,,,,,
,,,,,,,,
,,,,,,,,
,,,,,,,,
,,,,,,,,
,,,,,,,,
,,,,,,,,
,,,,,,,,
,,,,,,,,
,,,,,,,,
,,,,,,,,
,,,,,,,,
,,,,,,,,
,,,,,,,,
,,,,,,,,
,,,,,,,,
,,,,,,,,
,,,,,,,,
,,,,,,,,
,,,,,,,,
,,,,,,,,
,,,,,,,,
,,,,,,,,
,,,,,,,,
,,,,,,,,
,,,,,,,,
,,,,,,,,
,,,,,,,,
,,,,,,,,
,,,,,,,,
,,,,,,,,
,,,,,,,,
,,,,,,,,
,,,,,,,,
,,,,,,,,
,,,,,,,,
,,,,,,,,
,,,,,,,,
,,,,,,,,
,,,,,,,,
,,,,,,,,
,,,,,,,,
,,,,,,,,
,,,,,,,,
,,,,,,,,
,,,,,,,,
,,,,,,,,
,,,,,,,,
,,,,,,,,
,,,,,,,,
,,,,,,,,
,,,,,,,,
,,,,,,,,
,,,,,,,,
,,,,,,,,
,,,,,,,,
,,,,,,,,
,,,,,,,,
,,,,,,,,
,,,,,,,,
,,,,,,,,
,,,,,,,,
,,,,,,,,
,,,,,,,,
,,,,,,,,
,,,,,,,,
,,,,,,,,
,,,,,,,,
,,,,,,,,
,,,,,,,,
,,,,,,,,
,,,,,,,,
,,,,,,,,
,,,,,,,,
,,,,,,,,
,,,,,,,,
,,,,,,,,
,,,,,,,,
,,,,,,,,
,,,,,,,,
,,,,,,,,
,,,,,,,,
,,,,,,,,
,,,,,,,,
,,,,,,,,
,,,,,,,,
,,,,,,,,
,,,,,,,,
,,,,,,,,
,,,,,,,,
,,,,,,,,
,,,,,,,,
,,,,,,,,
,,,,,,,,
,,,,,,,,
,,,,,,,,
,,,,,,,,
,,,,,,,,
,,,,,,,,
,,,,,,,,
,,,,,,,,
,,,,,,,,
,,,,,,,,
,,,,,,,,
,,,,,,,,
,,,,,,,,
,,,,,,,,
,,,,,,,,
,,,,,,,,
,,,,,,,,
,,,,,,,,
,,,,,,,,
,,,,,,,,
,,,,,,,,
,,,,,,,,
,,,,,,,,
,,,,,,,,
,,,,,,,,
,,,,,,,,
,,,,,,,,
,,,,,,,,
,,,,,,,,
,,,,,,,,
,,,,,,,,
,,,,,,,,
,,,,,,,,
,,,,,,,,
,,,,,,,,
,,,,,,,,
,,,,,,,,
,,,,,,,,
,,,,,,,,
,,,,,,,,
,,,,,,,,
,,,,,,,,
,,,,,,,,
,,,,,,,,
,,,,,,,,
,,,,,,,,
,,,,,,,,
,,,,,,,,
,,,,,,,,
,,,,,,,,
,,,,,,,,
,,,,,,,,
,,,,,,,,
,,,,,,,,
,,,,,,,,
,,,,,,,,
,,,,,,,,
,,,,,,,,
,,,,,,,,
,,,,,,,,
,,,,,,,,
,,,,,,,,
,,,,,,,,
,,,,,,,,
,,,,,,,,
,,,,,,,,
,,,,,,,,
,,,,,,,,
,,,,,,,,
,,,,,,,,
,,,,,,,,
,,,,,,,,
,,,,,,,,
,,,,,,,,
,,,,,,,,
,,,,,,,,
,,,,,,,,
,,,,,,,,
,,,,,,,,
,,,,,,,,
,,,,,,,,
,,,,,,,,
,,,,,,,,
,,,,,,,,
,,,,,,,,
,,,,,,,,
,,,,,,,,
,,,,,,,,
,,,,,,,,
,,,,,,,,
,,,,,,,,
,,,,,,,,
,,,,,,,,
,,,,,,,,
,,,,,,,,
,,,,,,,,
,,,,,,,,
,,,,,,,,
,,,,,,,,
,,,,,,,,
,,,,,,,,
,,,,,,,,
,,,,,,,,
,,,,,,,,
,,,,,,,,
,,,,,,,,
,,,,,,,,
,,,,,,,,
,,,,,,,,
,,,,,,,,
,,,,,,,,
,,,,,,,,
,,,,,,,,
,,,,,,,,
,,,,,,,,
,,,,,,,,
,,,,,,,,
,,,,,,,,
,,,,,,,,
,,,,,,,,
,,,,,,,,
,,,,,,,,
,,,,,,,,
,,,,,,,,
,,,,,,,,
,,,,,,,,
,,,,,,,,
,,,,,,,,
,,,,,,,,
,,,,,,,,
,,,,,,,,
,,,,,,,,
,,,,,,,,
,,,,,,,,
,,,,,,,,
,,,,,,,,
,,,,,,,,
,,,,,,,,
,,,,,,,,
,,,,,,,,
,,,,,,,,
,,,,,,,,
,,,,,,,,
,,,,,,,,
,,,,,,,,
,,,,,,,,
,,,,,,,,
,,,,,,,,
,,,,,,,,
,,,,,,,,
,,,,,,,,
,,,,,,,,
,,,,,,,,
,,,,,,,,
,,,,,,,,
,,,,,,,,
,,,,,,,,
,,,,,,,,
,,,,,,,,
,,,,,,,,
,,,,,,,,
,,,,,,,,
,,,,,,,,
,,,,,,,,
,,,,,,,,
,,,,,,,,
,,,,,,,,
,,,,,,,,
,,,,,,,,
,,,,,,,,
,,,,,,,,
,,,,,,,,
,,,,,,,,
,,,,,,,,
,,,,,,,,
,,,,,,,,
,,,,,,,,
,,,,,,,,
,,,,,,,,
,,,,,,,,
,,,,,,,,
,,,,,,,,
,,,,,,,,
,,,,,,,,
,,,,,,,,
,,,,,,,,
,,,,,,,,
,,,,,,,,
,,,,,,,,
,,,,,,,,
,,,,,,,,
,,,,,,,,
,,,,,,,,
,,,,,,,,
,,,,,,,,
,,,,,,,,
,,,,,,,,
,,,,,,,,
,,,,,,,,
,,,,,,,,
,,,,,,,,
,,,,,,,,
,,,,,,,,
,,,,,,,,
,,,,,,,,
,,,,,,,,
,,,,,,,,
,,,,,,,,
,,,,,,,,
,,,,,,,,
,,,,,,,,
,,,,,,,,
,,,,,,,,
,,,,,,,,
,,,,,,,,
,,,,,,,,
,,,,,,,,
,,,,,,,,
,,,,,,,,
,,,,,,,,
,,,,,,,,
,,,,,,,,
,,,,,,,,
,,,,,,,,
,,,,,,,,
,,,,,,,,
,,,,,,,,
,,,,,,,,
,,,,,,,,
,,,,,,,,
,,,,,,,,
,,,,,,,,
,,,,,,,,
,,,,,,,,
,,,,,,,,
,,,,,,,,
,,,,,,,,
,,,,,,,,
,,,,,,,,
,,,,,,,,
,,,,,,,,
,,,,,,,,
,,,,,,,,
,,,,,,,,
,,,,,,,,
,,,,,,,,
,,,,,,,,
,,,,,,,,
,,,,,,,,
,,,,,,,,
,,,,,,,,
,,,,,,,,
,,,,,,,,
,,,,,,,,
,,,,,,,,
,,,,,,,,
,,,,,,,,
,,,,,,,,
,,,,,,,,
,,,,,,,,
,,,,,,,,
,,,,,,,,
,,,,,,,,
,,,,,,,,
,,,,,,,,
,,,,,,,,
,,,,,,,,
,,,,,,,,
,,,,,,,,
,,,,,,,,
,,,,,,,,
,,,,,,,,
,,,,,,,,
,,,,,,,,
,,,,,,,,
,,,,,,,,
,,,,,,,,
,,,,,,,,
,,,,,,,,
,,,,,,,,
,,,,,,,,
,,,,,,,,
,,,,,,,,
,,,,,,,,
,,,,,,,,
,,,,,,,,
,,,,,,,,
,,,,,,,,
,,,,,,,,
,,,,,,,,
,,,,,,,,
,,,,,,,,
,,,,,,,,
,,,,,,,,
,,,,,,,,
,,,,,,,,
,,,,,,,,
,,,,,,,,
,,,,,,,,
,,,,,,,,
,,,,,,,,
,,,,,,,,
,,,,,,,,
,,,,,,,,
,,,,,,,,
,,,,,,,,
,,,,,,,,
,,,,,,,,
,,,,,,,,
,,,,,,,,
,,,,,,,,
,,,,,,,,
,,,,,,,,
,,,,,,,,
,,,,,,,,
,,,,,,,,
,,,,,,,,
,,,,,,,,
,,,,,,,,
,,,,,,,,
,,,,,,,,
,,,,,,,,
,,,,,,,,
,,,,,,,,
,,,,,,,,
,,,,,,,,
,,,,,,,,
,,,,,,,,
,,,,,,,,
,,,,,,,,
,,,,,,,,
,,,,,,,,
,,,,,,,,
,,,,,,,,
,,,,,,,,
,,,,,,,,
,,,,,,,,
,,,,,,,,
,,,,,,,,
,,,,,,,,
,,,,,,,,
,,,,,,,,
,,,,,,,,
,,,,,,,,
,,,,,,,,
,,,,,,,,
,,,,,,,,
,,,,,,,,
,,,,,,,,
,,,,,,,,
,,,,,,,,
,,,,,,,,
,,,,,,,,
,,,,,,,,
,,,,,,,,
,,,,,,,,
,,,,,,,,
,,,,,,,,
,,,,,,,,
,,,,,,,,
,,,,,,,,
,,,,,,,,
,,,,,,,,
,,,,,,,,
,,,,,,,,
,,,,,,,,
,,,,,,,,
,,,,,,,,
,,,,,,,,
,,,,,,,,
,,,,,,,,
,,,,,,,,
,,,,,,,,
,,,,,,,,
,,,,,,,,
,,,,,,,,
,,,,,,,,
,,,,,,,,
,,,,,,,,
,,,,,,,,
,,,,,,,,
,,,,,,,,
,,,,,,,,
,,,,,,,,
,,,,,,,,
,,,,,,,,
,,,,,,,,
,,,,,,,,
,,,,,,,,
,,,,,,,,
,,,,,,,,
,,,,,,,,
,,,,,,,,
,,,,,,,,
,,,,,,,,
,,,,,,,,
,,,,,,,,
,,,,,,,,
,,,,,,,,
,,,,,,,,
,,,,,,,,
,,,,,,,,
,,,,,,,,
,,,,,,,,
,,,,,,,,
,,,,,,,,
,,,,,,,,
,,,,,,,,
,,,,,,,,
,,,,,,,,
,,,,,,,,
,,,,,,,,
,,,,,,,,
,,,,,,,,